:020000040800F2
:1000000000000520555B00080D4F0008154F000843
:100010001D4F0008254F00082D4F0008000000006C
:10002000000000000000000000000000354F000844
:10003000434F000800000000514F00085F4F0008C8
:10004000A55B0008A55B0008A55B0008A55B000890
:10005000A55B0008A55B0008A55B0008A55B000880
:10006000A55B0008A55B0008A55B0008A55B000870
:10007000A55B0008A55B0008A55B0008A55B000860
:10008000A55B0008A55B0008A55B0008A55B000850
:10009000A55B0008A55B0008A55B0008A55B000840
:1000A000A55B0008A55B0008A55B0008A55B000830
:1000B000A55B0008A55B0008A55B0008A55B000820
:1000C000A55B0008A55B0008A55B0008A55B000810
:1000D000A55B00086D4F0008814F0008A55B000874
:1000E000A55B0008A55B0008A55B0008A55B0008F0
:1000F000A55B0008A55B0008A55B0008A55B0008E0
:10010000A55B0008A55B0008954F0008A55B0008EB
:10011000A55B0008A55B0008A55B0008A55B0008BF
:10012000A55B0008A55B0008A55B0008A55B0008AF
:10013000A55B0008A55B0008A55B0008A55B00089F
:10014000A55B0008A55B0008A55B0008A94F000897
:10015000A55B0008A55B0008A55B0008A55B00087F
:10016000A55B0008A55B0008A55B0008A55B00086F
:10017000A55B0008A55B0008A55B00080000000067
:10018000A55B0008A55B0008A55B0008A55B00084F
:10019000A55B0008A55B0008A55B0008A55B00083F
:0C01A000A55B0008A55B00080000000043
:1001B00010B5054C237833B9044B13B10448AFF3A1
:1001C00000800123237010BDD80100200000000032
:1001D0006078010808B5034B1BB103490348AFF32E
:1001E000008008BD00000000DC01002060780108EC
:1001F00070B54FF0FF0C4CF4E06C1CEA11541DBFBD
:100200001CEA135594EA0C0F95EA0C0F00F0DEF887
:100210002C4481EA030621EA4C5123EA4C5350EA6C
:10022000013518BF52EA033541F4801143F48013BD
:1002300038D0A0FB02CE4FF00005E1FB02E506F04E
:100240000042E0FB03E54FF00006E1FB03569CF0A3
:10025000000F18BF4EF0010EA4F1FF04B6F5007FA9
:1002600064F5407404D25FEA4E0E6D4146EB06061B
:1002700042EAC62141EA55514FEAC52040EA5E50A4
:100280004FEACE2EB4F1FD0C88BFBCF5E06F1ED84E
:10029000BEF1004F08BF5FEA500E50F1000041EB85
:1002A000045170BD06F0004646EA010140EA020032
:1002B00081EA0301B4EB5C04C2BFD4EB0C0541EA54
:1002C000045170BD41F480114FF0000E013C00F369
:1002D000AB8014F1360FDEBF002001F0004170BD8D
:1002E000C4F10004203C35DA0C341BDC04F11404A6
:1002F000C4F1200500FA05F320FA04F001FA05F232
:1003000040EA020001F0004221F0004110EBD370FE
:1003100021FA04F642EB06015EEA430E08BF20EA2A
:10032000D37070BDC4F10C04C4F1200500FA04F3CD
:1003300020FA05F001FA04F240EA020001F000415F
:1003400010EBD37041F100015EEA430E08BF20EAD2
:10035000D37070BDC4F1200500FA05F24EEA020E1A
:1003600020FA04F301FA05F243EA020321FA04F049
:1003700001F0004121FA04F220EA020000EBD37000
:100380005EEA430E08BF20EAD37070BD94F0000F00
:100390000FD101F00046400041EB010111F4801F34
:1003A00008BF013CF7D041EA060195F0000F18BFE5
:1003B000704703F00046520043EB030313F4801F21
:1003C00008BF013DF7D043EA0603704794EA0C0FDB
:1003D0000CEA135518BF95EA0C0F0CD050EA4106F1
:1003E00018BF52EA4306D1D181EA030101F000416E
:1003F0004FF0000070BD50EA410606BF1046194696
:1004000052EA430619D094EA0C0F02D150EA0136A1
:1004100013D195EA0C0F05D152EA03361CBF1046E2
:1004200019460AD181EA030101F0004141F0FE4181
:1004300041F470014FF0000070BD41F0FE4141F405
:10044000780170BD81F0004102E000BF83F00043FD
:1004500030B54FEA41044FEA430594EA050F08BF5F
:1004600090EA020F1FBF54EA000C55EA020C7FEA23
:10047000645C7FEA655C00F0E2804FEA5454D4EBA0
:100480005555B8BF6D420CDD2C4480EA020281EA6A
:10049000030382EA000083EA010180EA020281EAA2
:1004A0000303362D88BF30BD11F0004F4FEA0131F4
:1004B0004FF4801C4CEA113102D0404261EB410103
:1004C00013F0004F4FEA03334CEA133302D0524289
:1004D00063EB430394EA050F00F0A780A4F1010445
:1004E000D5F1200E0DDB02FA0EFC22FA05F280187F
:1004F00041F1000103FA0EF2801843FA05F3594165
:100500000EE0A5F120050EF1200E012A03FA0EFCE3
:1005100028BF4CF0020C43FA05F3C01851EBE3710D
:1005200001F0004507D54FF0000EDCF1000C7EEB2A
:1005300000006EEB0101B1F5801F1BD3B1F5001F68
:100540000CD349085FEA30004FEA3C0C04F1010487
:100550004FEA445212F5800F80F09A80BCF1004FB0
:1005600008BF5FEA500C50F1000041EB045141EA32
:10057000050130BD5FEA4C0C404141EB0101013CFB
:1005800028BFB1F5801FE9D291F0000F04BF0146EA
:100590000020B1FA81F308BF2033A3F10B03B3F1BC
:1005A00020020CDA0C3208DD02F1140CC2F10C024C
:1005B00001FA0CF021FA02F10CE002F11402D8BFAA
:1005C000C2F1200C01FA02F120FA0CFCDCBF41EA76
:1005D0000C019040E41AA2BF01EB0451294330BD45
:1005E0006FEA04041F3C1CDA0C340EDC04F1140422
:1005F000C4F1200220FA04F001FA02F340EA0300F9
:1006000021FA04F345EA030130BDC4F10C04C4F13E
:10061000200220FA02F001FA04F340EA030029461E
:1006200030BD21FA04F0294630BD94F0000F83F468
:10063000801306BF81F480110134013D4EE77FEA4B
:10064000645C18BF7FEA655C29D094EA050F08BF97
:1006500090EA020F05D054EA000C04BF1946104678
:1006600030BD91EA030F1EBF0021002030BD5FEABC
:10067000545C05D14000494128BF41F0004130BDE4
:1006800014F580043CBF01F5801130BD01F0004538
:1006900045F0FE4141F470014FF0000030BD7FEAAB
:1006A000645C1ABF194610467FEA655C1CBF0B46A6
:1006B000024650EA013406BF52EA033591EA030FBD
:1006C00041F4002130BD00BF90F0000F04BF0021B5
:1006D000704730B54FF4806404F132044FF00005E8
:1006E0004FF0000150E700BF90F0000F04BF002161
:1006F000704730B54FF4806404F1320410F00045C7
:1007000048BF40424FF000013EE700BF42004FEAC1
:10071000E2014FEA31014FEA02701FBF12F07F433E
:1007200093F07F4F81F06051704732F07F4208BFF5
:10073000704793F07F4F04BF41F40021704730B5FC
:100740004FF4607401F0004521F000411CE700BF48
:1007500050EA010208BF704730B54FF000050AE0CB
:1007600050EA010208BF704730B511F0004502D5CC
:10077000404261EB41014FF4806404F132045FEACE
:10078000915C3FF4D8AE4FF003025FEADC0C18BF77
:1007900003325FEADC0C18BF033202EBDC02C2F169
:1007A000200300FA03FC20FA02F001FA03FE40EAFB
:1007B0000E0021FA02F11444BDE600BF4FF0FF3CE9
:1007C00006E000BF4FF0010C02E000BF4FF0010C4B
:1007D0004DF804CD4FEA410C7FEA6C5C4FEA430CC4
:1007E00018BF7FEA6C5C1BD001B050EA410C0CBF13
:1007F00052EA430C91EA030F02BF90EA020F002075
:10080000704710F1000F91EA030F58BF994208BFDB
:1008100090422CBFD8176FEAE37040F00100704798
:100820004FEA410C7FEA6C5C02D150EA013C07D1EF
:100830004FEA430C7FEA6C5CD6D152EA033CD3D03A
:100840005DF8040B704700BF8446104662468C4634
:100850001946634600E000BF01B5FFF7B7FF002867
:1008600048BF10F1000F01BD4DF808EDFFF7F4FF90
:100870000CBF012000205DF808FB00BF4DF808ED1B
:10088000FFF7EAFF34BF012000205DF808FB00BF3E
:100890004DF808EDFFF7E0FF94BF012000205DF860
:1008A00008FB00BF4DF808EDFFF7CEFF94BF012015
:1008B00000205DF808FB00BF4DF808EDFFF7C4FF0E
:1008C00034BF012000205DF808FB00BF4FEA410261
:1008D000B2F1E04324BFB3F5001CDCF1FE5C0DD99E
:1008E00001F0004C4FEAC0024CEA5070B2F1004FE8
:1008F00040EB830008BF20F00100704711F0804FEB
:1009000021D113F13872BCBF01F00040704741F4AF
:1009100080114FEA5252C2F11802C2F1200C10FAB3
:100920000CF320FA02F018BF40F001004FEAC12397
:100930004FEAD32303FA0CFC40EA0C0023FA02F33B
:100940004FEA4303CCE77FEA625307D150EA013311
:100950001EBF4FF0FE4040F44000704701F00040E1
:1009600040F0FE4040F40000704700BF53B94AB960
:10097000002908BF00281CBF4FF0FF314FF0FF30A7
:1009800000F088B9ADF1080C6DE904CE00F006F86E
:10099000DDF804E0DDE9022304B070472DE9F047FB
:1009A000089D8E4604468846002B4AD18A42174647
:1009B00062D9B2FA82F64EB1C6F1200301FA06F806
:1009C00020FA03F3B74043EA0808B4404FEA174E51
:1009D0001FFA87FCB8FBFEF1230C0EFB118843EADB
:1009E000084301FB0CF29A4209D9FB1801F1FF30D0
:1009F00080F0EA809A4240F2E78002393B449A1A3A
:100A0000A3B2B2FBFEF00EFB102243EA024300FB4E
:100A10000CFC9C4509D9FB1800F1FF3280F0D68010
:100A20009C4540F2D3803B44023840EA0140A3EBAE
:100A30000C0300211DB1F3400022C5E90032BDE8DE
:100A4000F0878B4205D90DB1C5E9000100210846A8
:100A5000F5E7B3FA83F1002946D1734502D3824208
:100A600000F20581841A6EEB030201209046002DEE
:100A7000E5D0C5E90048E2E7002A00F09080B2FA2C
:100A800082F6002E40F0A4808A1A030C4FEA174E1B
:100A900080B2BCB20121B2FBFEFC0EFB1C2243EA79
:100AA000024304FB0CF29A4207D9FB180CF1FF3801
:100AB00002D29A4200F2E080C4469B1AB3FBFEF2D7
:100AC0000EFB123340EA034302FB04F49C4207D9B5
:100AD000FB1802F1FF3002D29C4200F2CA800246AB
:100AE0001B1B42EA0C40A5E7C1F120068B4022FA0D
:100AF00006F71F430EFA01F420FA06F32EFA06FE5B
:100B00004FEA1749234300FA01F81FFA87FCBEFB9E
:100B1000F9F01C0C09FB10EE44EA0E4400FB0CFE3D
:100B2000A64502FA01F209D93C1900F1FF3A80F01A
:100B30009C80A64540F2998002383C44A4EB0E0408
:100B40001FFA83FEB4FBF9F309FB13444EEA044495
:100B500003FB0CFCA44508D93C1903F1FF3E80F0CF
:100B60008280A4457FD9023B3C4443EA0040A4EB89
:100B70000C04A0FB02EC64457346E14662D35FD0EF
:100B80005DB1B8EB030264EB090404FA06F622FA3D
:100B900001F31E43CC40C5E9006400214FE7B1FBDF
:100BA000F2FC010C41EA0E4180B240EA01423B46B0
:100BB00038463C46B846BE462026B1FBF7F1A2EBCC
:100BC000080241EA0C4166E7014618E710462CE7A7
:100BD000C6F120022EFA02F3B740B14020FA02F229
:100BE0004FEA174E0A43B3FBFEF8BCB20EFB1833B4
:100BF000110C41EA034108FB04F9B04089454FEA72
:100C0000104380B23ED9791808F1FF3C01D28945E2
:100C10001FD8A1EB0901B1FBFEF909FB04F80EFB9B
:100C2000191192B242EA0142424529D2BA1809F199
:100C3000FF31C4D24245C2D2A9F102013A44BEE713
:100C4000F0459DD2BEEB02036CEB070C0138E14688
:100C500096E7A7EB09094944A8F1020CB1FBFEF99C
:100C600009FB04F8DBE773467FE7504666E7084672
:100C7000FDE63B44023A33E7ACF1020C3B441CE78F
:100C800049469CE7A1EB0901C446B1FBFEF909FB0B
:100C900004F8C4E7704700BF80B582B000AF0346D8
:100CA000FB800B46BB8013467B807B8803F00F03E1
:100CB000D9B2734A537861F303035370BB8803F0CE
:100CC0000F03D9B26E4A137861F307131370FB88D0
:100CD00003F00F03D9B26A4A137861F30303137068
:100CE000674B1B78C3F30303DBB203F00103DBB2F2
:100CF0001A468021634808F039FD614B1B78C3F325
:100D00000303DBB25B1003F00103DBB21A464FF4BE
:100D100080715C4808F02AFD594B1B78C3F303032C
:100D2000DBB29B1003F00103DBB21A464FF40071F3
:100D3000544808F01BFD524B1B78C3F30303DBB28E
:100D4000DB1003F00103DBB21A464FF480614D481B
:100D500008F00CFD002204214B4808F007FD00229A
:100D600080214A4808F002FD454B1B78C3F303136A
:100D7000DBB203F00103DBB21A464FF400614148D5
:100D800008F0F4FC3E4B1B78C3F30313DBB25B109B
:100D900003F00103DBB21A464FF48051394808F0E2
:100DA000E5FC374B1B78C3F30313DBB29B1003F056
:100DB0000103DBB21A464FF40051324808F0D6FC6A
:100DC0002F4B1B78C3F30313DBB2DB1003F00103DB
:100DD000DBB21A464FF480412A4808F0C7FC0022D3
:100DE0000221294808F0C2FC00224FF480712748F4
:100DF00008F0BCFC224B5B78C3F30303DBB203F0C7
:100E00000103DBB21A464FF400411E4808F0AEFC65
:100E10001B4B5B78C3F30303DBB25B1003F00103EE
:100E2000DBB21A4610211A4808F0A0FC144B5B787C
:100E3000C3F30303DBB29B1003F00103DBB21A46DA
:100E40002021134808F092FC0D4B5B78C3F3030399
:100E5000DBB2DB1003F00103DBB21A4640210B4882
:100E600008F084FC00221021074808F07FFC0022D3
:100E70000121054808F07AFC00BF0837BD4680BD57
:100E8000F401002000100048000400480018004849
:100E9000001400480000000090B585B002AF034682
:100EA000FB71C54A5378012161F307135370C24A9D
:100EB000537823F008035370FB7903F00F03D9B282
:100EC000BD4A138861F3CA131380BB4A137823F019
:100ED00040031370B84A137823F020031370B64A06
:100EE000137823F010031370B34A137823F00F0321
:100EF0001370002300930123B04AAF49B0480CF0AF
:100F0000F1FC02220021AC4816F070FC0023009393
:100F10000123AA4AA849AA480CF0E4FC0023009344
:100F20000123A64AA449A6480CF0DCFCA34B5B783D
:100F3000C3F30313DBB20D2B00F2238201A252F89C
:100F400023F000BF7D0F0008CD0F00081D10000822
:100F50006D100008BD1000080D1100085D1100089B
:100F6000D11100080F1200084D1200088B12000862
:100F7000C912000807130008451300088F4B1B888F
:100F8000C3F30B039BB21846FFF7AEFB4FF0000212
:100F90008C4BFFF72DF902460B46104619464FF0D1
:100FA0000002894BFFF754FA02460B4610461946D9
:100FB000824B5B78C3F30313DBB21C46FFF786FC5E
:100FC00002468249A3000B441A60DBE17B4B1B887D
:100FD000C3F30B039BB21846FFF786FB4FF00002EA
:100FE000784BFFF705F902460B46104619466CA3ED
:100FF000D3E90023FFF72CFA02460B4610461946A8
:101000006E4B5B78C3F30313DBB21C46FFF75EFC49
:1010100002466E49A3000B441A60B3E1674B1B887C
:10102000C3F30B039BB21846FFF75EFB4FF00002C1
:10103000644BFFF7DDF802460B46104619464FF0A9
:101040000002614BFFF704FA02460B4610461946B0
:101050005A4B5B78C3F30313DBB21C46FFF736FC35
:1010600002465A49A3000B441A608BE1534B1B887C
:10107000C3F30B039BB21846FFF736FB4FF0000299
:10108000504BFFF7B5F802460B461046194646A3EB
:10109000D3E90023FFF7DCF902460B461046194658
:1010A000464B5B78C3F30313DBB21C46FFF70EFC21
:1010B00002464649A3000B441A6063E13F4B1B887C
:1010C000C3F30B039BB21846FFF70EFB4FF0000271
:1010D0003C4BFFF78DF802460B461046194634A3E9
:1010E000D3E90023FFF7B4F902460B461046194630
:1010F000324B5B78C3F30313DBB21C46FFF7E6FB0E
:1011000002463249A3000B441A603BE12B4B1B887B
:10111000C3F30B039BB21846FFF7E6FA4FF0000249
:10112000284BFFF765F802460B461046194620A3E8
:10113000D3E90023FFF78CF902460B461046194607
:101140001E4B5B78C3F30313DBB21C46FFF7BEFBF9
:1011500002461E49A3000B441A6013E1174B1B887B
:10116000C3F30B039BB21846FFF7BEFA4FF0000221
:10117000144BFFF73DF802460B46104619460F4B3D
:101180005B78C3F30313DBB21C46FFF79FFB0246F9
:101190000E49A3000B441A60F4E000BFAFF30080D7
:1011A000666666666666FA3FFED478E926310940CF
:1011B0006666666666660240FC010020F801002053
:1011C000100900200000443F0000084000020020F9
:1011D0006E4B1B88C3F30B039BB21846FFF784FAD0
:1011E0004FF000026A4BFFF703F802460B46104629
:1011F0001946664B5B78C3F30313DBB21C46FFF75B
:1012000065FB02466349A3000B441A60BAE05F4BDA
:101210001B88C3F30B039BB21846FFF765FA4FF028
:1012200000025B4BFEF7E4FF02460B4610461946F0
:10123000564B5B78C3F30313DBB21C46FFF746FB48
:1012400002465449A3000B441A609BE04F4B1B8895
:10125000C3F30B039BB21846FFF746FA4FF00002A8
:101260004B4BFEF7C5FF02460B4610461946474B4F
:101270005B78C3F30313DBB21C46FFF727FB024680
:101280004449A3000B441A607CE0404B1B88C3F325
:101290000B039BB21846FFF727FA4FF000023C4BB6
:1012A000FEF7A6FF02460B4610461946374B5B7801
:1012B000C3F30313DBB21C46FFF708FB02463549B4
:1012C000A3000B441A605DE0304B1B88C3F30B0393
:1012D0009BB21846FFF708FA4FF000022C4BFEF7BE
:1012E00087FF02460B4610461946284B5B78C3F32E
:1012F0000313DBB21C46FFF7E9FA02462549A300B7
:101300000B441A603EE0214B1B88C3F30B039BB2D6
:101310001846FFF7E9F94FF000021D4BFEF768FF92
:1013200002460B4610461946184B5B78C3F303136D
:10133000DBB21C46FFF7CAFA02461649A3000B446B
:101340001A601FE0114B1B88C3F30B039BB21846B6
:10135000FFF7CAF94FF000020D4BFEF749FF0246B6
:101360000B4610461946094B5B78C3F30313DBB2F7
:101370001C46FFF7ABFA02460649A3000B441A606D
:1013800000E000BF00BF0C37BD4690BDF801002053
:101390000000443F0002002080B582B000AF7860BA
:1013A0007B681B889BB21946002000F0F5F97B682A
:1013B0005B889BB21946012000F0EEF97B689B88A0
:1013C0009BB21946022000F0E7F97B68DB889BB2EC
:1013D0001946032000F0E0F97B681B899BB219468F
:1013E000042000F0D9F97B685B899BB2194605207F
:1013F00000F0D2F97B689B899BB21946062000F069
:10140000CBF97B68DB899BB21946072000F0C4F951
:101410007B681B8A9BB21946082000F0BDF97B68E7
:101420005B8A9BB21946092000F0B6F97B689B8A5B
:101430009BB219460A2000F0AFF97B68DB8A9BB2A9
:1014400019460B2000F0A8F97B681B8B9BB219464C
:101450000C2000F0A1F97B685B8B9BB219460D2034
:1014600000F09AF97B689B8B9BB219460E2000F026
:1014700093F97B68DB8B9BB219461F2000F08CF937
:101480007B681B8C9BB21946202000F085F97B6895
:101490005B8C9BB21946222000F07EF97B689B8C06
:1014A0009BB21946232000F077F97B68DB8C9BB256
:1014B0001946242000F070F97B681B8D9BB21946F9
:1014C000252000F069F97B685B8D9BB219462620C8
:1014D00000F062F97B689B8D9BB21946272000F0D3
:1014E0005BF97B68DB8D9BB21946282000F054F92C
:1014F0007B681B8E9BB21946292000F04DF97B6852
:101500005B8E9BB219462A2000F046F97B689B8EC1
:101510009BB219462B2000F03FF97B68DB8E9BB213
:1015200019462C2000F038F97B681B8F9BB21946B6
:101530002D2000F031F97B685B8F9BB219462E207D
:1015400000F02AF97B689B8F9BB219462F2000F090
:1015500023F97B68DB8F9BB21946302000F01CF921
:101560007B68B3F840309BB21946312000F014F983
:101570007B68B3F842309BB21946322000F00CF978
:101580007B68B3F844309BB21946332000F004F96D
:101590007B68B3F846309BB21946342000F0FCF863
:1015A0007B68B3F848309BB21946352000F0F4F858
:1015B0007B68B3F84A309BB21946362000F0ECF84D
:1015C0007B68B3F84C309BB21946372000F0E4F842
:1015D0007B68B3F84E309BB219463E2000F0DCF831
:1015E0007B68B3F850309BB219463F2000F0D4F826
:1015F0007B68B3F852309BB21946402000F0CCF81B
:101600007B68B3F854309BB21946412000F0C4F80F
:101610007B68B3F856309BB21946422000F0BCF804
:101620007B68B3F858309BB21946432000F0B4F8F9
:101630007B68B3F85A309BB21946442000F0ACF8EE
:101640007B68B3F85C309BB21946452000F0A4F8E3
:101650007B68B3F85E309BB21946472000F09CF8D7
:101660007B68B3F860309BB21946502000F094F8C4
:101670007B68B3F862309BB21946512000F08CF8B9
:101680007B68B3F864309BB21946522000F084F8AE
:101690007B68B3F866309BB21946532000F07CF8A3
:1016A0007B68B3F868309BB21946542000F074F898
:1016B0007B68B3F86A309BB21946552000F06CF88D
:1016C0007B68B3F86C309BB21946562000F064F882
:1016D0007B68B3F86E309BB21946572000F05CF877
:1016E0007B68B3F870309BB21946582000F054F86C
:1016F0007B68B3F872309BB21946592000F04CF861
:101700007B68B3F874309BB219465A2000F044F855
:101710007B68B3F876309BB219465B2000F03CF84A
:101720007B68B3F878309BB219465C2000F034F83F
:101730007B68B3F87A309BB219465D2000F02CF834
:101740007B68B3F87C309BB219465E2000F024F829
:101750007B68B3F87E309BB219465F2000F01CF81E
:101760007B68B3F880309BB21946602000F014F813
:101770007B68B3F882309BB219461D2000F00CF84C
:101780007B68B3F884309BB219461E2000F004F841
:1017900000BF0837BD4680BD80B584B000AF0346AA
:1017A0000A46FB801346BB800023BB60FB881A04FB
:1017B000BB881343FB60FB681B0CDBB23B72FB680E
:1017C0001B0EDBB27B72FB68DBB2BB72FB681B0AD1
:1017D000DBB2FB720D4B4FF480129A614FF09043D5
:1017E0004FF480129A6107F108010223022208488F
:1017F0000BF0B8FD4FF0904310229A61034B10227A
:101800009A6100BF1037BD4680BD00BF0008004888
:10181000AC08002080B500AF4FF0904310229A61D1
:101820001C4B10229A61012201211B4807F09EFFE8
:1018300001220221184807F099FF012204211648CD
:1018400007F094FF01220821134807F08FFF0022C0
:101850000821114807F08AFF002204210E4807F0F2
:1018600085FF012208210C4807F080FF0122042196
:10187000094807F07BFF0948FFF78EFD002202218F
:10188000054807F073FF00220121034807F06EFFAF
:1018900000BF80BD00080048001400480000002080
:1018A00080B588B000AF786039603B68FB617B68C9
:1018B000BB614FF6FF73FB822DE0FB69B3F5806FD0
:1018C00028BF4FF48063FB6000233B610FE0BA69DF
:1018D0003B691344184603F097F803461946124A29
:1018E0003B6913440A461A703B6901333B613A690C
:1018F000FB689A42EBD3FB8A1A46F9680A4802F061
:10190000BDFE0346FB82BA69FB681344BB61FA69FA
:10191000FB68D31AFB61FB69002BCED1FB8A18460A
:101920002037BD4680BD00BF4402002000000000FB
:1019300080B586B000AF02F00FFF03220021C4483B
:1019400015F054FFC34B00221A70C34B00221A70CB
:10195000C24B3B6139698A69CB691346FB603969BF
:101960000A6A4B6A1346BB6039690A694B691346B8
:101970007B6000237B80082208210820FFF78CF978
:1019800002F0E0FE4FF47A7004F0BEF900F0DAFCE9
:1019900002F0E2FE7B68B3F5406F0AD1AC4A1378DF
:1019A00043F001031370002200210C20FFF774F9AB
:1019B00004E0A74A137823F001031370F968A848DC
:1019C00002F07DFE03461A46A64B1A80A54B1B88E3
:1019D0001A46BB68934205D19D4A137843F004032D
:1019E000137004E09A4A137823F00403137002F092
:1019F000A9FE4FF47A7004F087F900F0A3FC02F01E
:101A0000ABFE994803F000F803467B80974802F04C
:101A1000FBFF03461B0203F47F431AB2B7F90230FF
:101A200013431BB27B807B88B3F5606F0AD1884A71
:101A3000137843F002031370002200210E20FFF7F9
:101A40002BF904E0824A137823F00203137002F0AA
:101A500079FE4FF47A7004F057F900F073FC02F04D
:101A60007BFE0A220A210A20FFF716F901224FF411
:101A700080717F4807F07AFE012280217D4807F0BF
:101A800075FE01224FF40071794807F06FFE0122C4
:101A90004021784807F06AFE4FF47A7004F034F978
:101AA00000F050FC00224FF48071714807F05EFE98
:101AB000002280216F4807F059FE00224FF4007188
:101AC0006B4807F053FE002240216A4807F04EFEA3
:101AD000012003F0D1FF00F035FC0522664967487C
:101AE00015F074FE0346002B05D1594A137843F0D4
:101AF0000803137004E0564A137823F008031370A8
:101B000005225F495F4815F061FE0346002B05D1B1
:101B10004F4A137843F01003137004E04C4A1378D3
:101B200023F010031370002003F0A6FF00F00AFC5E
:101B300002F008FE544805F019F80346002B04D0C3
:101B4000434A937823F00403937064214E4805F0D0
:101B50002FF90346002B22D14B4805F019FA07EE66
:101B6000900AF8EE677A17EE900AFEF7CFFD34A3DD
:101B7000D3E90023FEF73CFB02460B46104619460C
:101B800031A3D3E90023FEF763FC02460B4610465F
:101B90001946FEF79BFE02463C4B9A6304E02C4A32
:101BA000937823F004039370374805F0B1F80346A7
:101BB000002B04D0264A937823F00403937002F09C
:101BC000CBFD40F2B163FB82B7F91630002B04DA8B
:101BD000FB8AA3F500439BB2FB82FB8A1B01FB82BD
:101BE000FB8A19463120FFF7D7FDFB8A19463020C2
:101BF000FFF7D2FDFB8A19462F20FFF7CDFDFB8AA8
:101C000019462E20FFF7C8FD01211D20FFF7C4FD56
:101C10001F4B00221A701F4B00221A6000237B7595
:101C200008E000F08FFB7B7D1846FFF735F97B7DE0
:101C300001337B757B7D0E2BF3D900233B75F3E2DB
:101C40006666666666664A3FCDCCCCCCCCCCEC3FB3
:101C500040020020150700201407002000000E0895
:101C6000000002083C020020020050000300500067
:101C700000040048000800485C0B0020A000002081
:101C8000540B0020A8000020440600200002002081
:101C9000170700201807002000F054FB3B7D0E2B97
:101CA00000F2BE8201A252F823F000BFE91C000836
:101CB000411D0008991D000821220008F71D000899
:101CC0004F1E0008A71E0008FF1E0008571F00082F
:101CD000F51F00084D200008A5200008FD20000881
:101CE00055210008AD2100083B7DBD4A9B001344EF
:101CF0001B681846FEF70AFDABA3D3E90023FEF7E5
:101D0000C7FD0346002B15D03B7DB54A9B0013440D
:101D10001B681846FEF7FAFCA5A3D3E90023FEF7DB
:101D2000C1FD0346002B05D0AE4A137843F02003D3
:101D3000137076E2AB4A137823F02003137070E23D
:101D40003B7DA74A9B0013441B681846FEF7DEFC48
:101D500099A3D3E90023FEF79BFD0346002B15D082
:101D60003B7D9F4A9B0013441B681846FEF7CEFC40
:101D700093A3D3E90023FEF795FD0346002B05D07E
:101D8000984A137843F0400313704AE2954A137857
:101D900023F04003137044E23B7D914A9B001344BF
:101DA0001B681846FEF7B2FC7FA3D3E90023FEF7B9
:101DB0006FFD0346002B15D03B7D894A9B001344E1
:101DC0001B681846FEF7A2FC79A3D3E90023FEF7AF
:101DD00069FD0346002B05D0824A137843F0800347
:101DE000137004E07F4A137823F0800313703B7D67
:101DF00001333B7515E23B7D794A9B0013441B6818
:101E00001846FEF783FC6AA3D3E90023FEF740FDE2
:101E10000346002B15D03B7D714A9B0013441B6881
:101E20001846FEF773FC68A3D3E90023FEF73AFDDA
:101E30000346002B05D06B4A537843F001035370DF
:101E4000EFE1684A537823F001035370E9E13B7DE9
:101E5000634A9B0013441B681846FEF757FC54A3C3
:101E6000D3E90023FEF714FD0346002B15D03B7D7C
:101E70005B4A9B0013441B681846FEF747FC52A3BD
:101E8000D3E90023FEF70EFD0346002B05D0554A8B
:101E9000537843F002035370C3E1524A537823F05E
:101EA00002035370BDE13B7D4D4A9B0013441B6808
:101EB0001846FEF72BFC46A3D3E90023FEF7F2FCFD
:101EC0000346002B15D03B7D454A9B0013441B68FD
:101ED0001846FEF71BFC40A3D3E90023FEF7D8FC0D
:101EE0000346002B05D03F4A537843F00403537058
:101EF00097E13C4A537823F00403537091E13B7D12
:101F0000374A9B0013441B681846FEF7FFFB30A3BB
:101F1000D3E90023FEF7C6FC0346002B15D03B7D1A
:101F20002F4A9B0013441B681846FEF7EFFB2AA3B9
:101F3000D3E90023FEF7ACFC0346002B05D0294A69
:101F4000537843F0080353706BE1264A537823F02B
:101F50000803537065E13B7D214A9B0013441B68D5
:101F60001846FEF7D3FB1AA3D3E90023FEF79AFC29
:101F70000346002B38D03B7D194A9B0013441B6855
:101F80001846FEF7C3FB14A3D3E90023FEF780FC39
:101F90000346002B28D0134A537843F010035370A4
:101FA0003FE100BFAFF30080CDCCCCCCCCCC144013
:101FB00033333333333313409A99999999990D40B8
:101FC000CDCCCCCCCCCC0840CDCCCCCCCCCC1040E7
:101FD000CDCCCCCCCCCCDC3F9A9999999999E13F66
:101FE00000020020400200208B4A537823F01003A7
:101FF000537016E13B7D894A9B0013441B681846C9
:10200000FEF784FB7CA3D3E90023FEF74BFC0346D9
:10201000002B15D03B7D814A9B0013441B6818465A
:10202000FEF774FB76A3D3E90023FEF731FC0346E9
:10203000002B05D0784A537843F020035370F0E02A
:10204000754A537823F020035370EAE03B7D734ACE
:102050009B0013441B681846FEF758FB66A3D3E9A0
:102060000023FEF71FFC0346002B15D03B7D6B4A77
:102070009B0013441B681846FEF748FB60A3D3E996
:102080000023FEF705FC0346002B05D0624A537877
:1020900043F040035370C4E05F4A537823F0400399
:1020A0005370BEE03B7D5D4A9B0013441B6818469D
:1020B000FEF72CFB50A3D3E90023FEF7F3FB034606
:1020C000002B15D03B7D554A9B0013441B681846D6
:1020D000FEF71CFB4AA3D3E90023FEF7D9FB034616
:1020E000002B05D04C4A537843F08003537098E09E
:1020F000494A537823F08003537092E03B7D474A6E
:102100009B0013441B681846FEF700FB3AA3D3E973
:102110000023FEF7C7FB0346002B15D03B7D3F4A4B
:102120009B0013441B681846FEF7F0FA34A3D3E96A
:102130000023FEF7ADFB0346002B05D0364A93780B
:1021400043F0010393706CE0334A937823F001036A
:10215000937066E03B7D314A9B0013441B68184630
:10216000FEF7D4FA24A3D3E90023FEF79BFB034632
:10217000002B15D03B7D294A9B0013441B68184651
:10218000FEF7C4FA1EA3D3E90023FEF781FB034642
:10219000002B05D0204A937843F00203937040E06F
:1021A0001D4A937823F0020393703AE01B4B9B6B1C
:1021B0001846FEF7ABFA14A3D3E90023FEF768FB39
:1021C0000346002B12D0154B9B6B1846FEF79EFA68
:1021D0000FA3D3E90023FEF765FB0346002B05D0D0
:1021E0000D4A937843F0040393701AE00A4A9378F7
:1021F00023F00403937014E0CDCCCCCCCCCCDC3FEA
:102200009A9999999999E13F9A99999999990D4033
:10221000CDCCCCCCCCCC0840400200200002002029
:1022200000BF3B7D01333B753B7D0E2B7FF634AD0C
:102230003C4B00221A703C4B00221A703B4B002290
:102240001A603B4A92F83E3023F0010382F83E3098
:10225000374A92F83E3023F0020382F83E30344A87
:1022600092F83E3023F0040382F83E30304A92F870
:102270003E3023F0080382F83E302D4A92F83E307B
:1022800023F0100382F83E30294A92F83E3023F0C2
:10229000200382F83E30264A92F83E3023F0400375
:1022A00082F83E30224A92F83E3023F0800382F8D2
:1022B0003E304FF6F0713120FFF76EFA4FF6F071B5
:1022C0003020FFF769FA4FF6F0712F20FFF764FA1C
:1022D0004FF6F0712E20FFF75FFA01211D20FFF766
:1022E0005BFA03221349144815F070FA0346002BD9
:1022F00006D1124B01221A70114B01221A700AE00A
:102300000E4B00221A700E4B00221A700F220F2162
:102310000F20FEF7C1FC02F015FA00BF1837BD46CA
:1023200080BD00BF160700201707002018070020F7
:1023300088070020880000204002002015070020A8
:102340001407002080B500AF03F0D2FC0246054B15
:102350001B68D31A42F21072934201D902F094FA28
:1023600000BF80BDBC06002080B58AB000AF07F179
:102370001C0300221A605A609A603B1D00221A60FA
:102380005A609A60DA601A615A61304B304A1A60BA
:102390002E4B4FF440325A602C4B00229A602B4B4C
:1023A0000022DA60294B00221A61284B04225A616C
:1023B000264B00221A76254B01225A76234B012206
:1023C000DA61224B002283F82020204B00229A62FF
:1023D0001E4B0022DA621D4B002283F830201B4B7B
:1023E00000225A63194B002283F83820174803F063
:1023F00001FF0346002B01D002F046FA0023FB61E7
:1024000007F11C031946114805F01CFF0346002B79
:1024100001D002F039FA0F4B7B600623BB6000232A
:10242000FB607F233B6104237B610023BB613B1D79
:102430001946064804F0D4FD0346002B01D002F0F3
:1024400023FA00BF2837BD4680BD00BF44060020E8
:10245000000004500200300480B5ACB000AF7860DA
:1024600007F19C0300221A605A609A60DA601A61D0
:1024700007F110038C220021184615F0B7F97B688C
:102480001B68274A934246D14FF480433B614FF08B
:102490008053C7F88C3003237B610123BB61082381
:1024A000FB6102233B6202237B620223BB624FF08B
:1024B0008073FB6207F11003184609F073FD0346B1
:1024C000002B01D002F0E0F9164BDB6C154A43F407
:1024D0000053D364134BDB6C03F40053FB60FB68C5
:1024E000104BDB6C0F4A43F00403D3640D4BDB6CE1
:1024F00003F00403BB60BB680123C7F89C300323CF
:10250000C7F8A0300023C7F8A43007F19C03194690
:10251000054806F061FD00BFB037BD4680BD00BF75
:1025200000000450001002400008004880B582B04E
:1025300000AF78607B681B68084A934209D1084B5A
:10254000DB6C074A23F40053D3640121054806F0ED
:10255000C1FF00BF0837BD4680BD00BF000004506A
:10256000001002400008004880B58EB000AF07F1AF
:10257000240300221A605A609A60DA601A61B74B2D
:10258000DB6CB64A43F01003D364B44BDB6C03F04E
:1025900010033B623B6AB14BDB6CB04A43F004036F
:1025A000D364AE4BDB6C03F00403FB61FB69AB4B04
:1025B000DB6CAA4A43F02003D364A84BDB6C03F026
:1025C0002003BB61BB69A54BDB6CA44A43F08003CD
:1025D000D364A24BDB6C03F080037B617B699F4B70
:1025E000DB6C9E4A43F00103D3649C4BDB6C03F02D
:1025F00001033B613B69994BDB6C984A43F0020352
:10260000D364964BDB6C03F00203FB60FB68934BD7
:10261000DB6C924A43F04003D364904BDB6C03F0D5
:102620004003BB60BB688D4BDB6C8C4A43F00803F6
:10263000D3648A4BDB6C03F008037B607B6808F093
:10264000EBFB00224FF6FF71854807F08FF8002260
:10265000D821844807F08AF8002248F213014FF08D
:10266000904007F083F8002240F217317E4807F0CF
:102670007DF8002241F6C3117C4807F077F800226C
:102680004FF680717A4807F071F800224FF42071FC
:10269000784807F06BF801224FF44061754807F065
:1026A00065F854237B624FF48813BB620023FB62FE
:1026B00007F1240319466E4806F08EFC29237B623D
:1026C0000323BB620023FB6207F124031946684819
:1026D00006F082FC4EF226137B620323BB620023CA
:1026E000FB6207F1240319465E4806F075FC4FF6BD
:1026F000FF737B620123BB620023FB6200233B6309
:1027000007F124031946564806F066FCD8237B627D
:102710000123BB620023FB6200233B6307F1240318
:102720001946504806F058FC48F213037B62012317
:10273000BB620023FB6200233B6307F124031946BD
:102740004FF0904006F048FC40F217337B620123C3
:10275000BB620023FB6200233B6307F1240319469D
:10276000414806F039FC41F6C3137B620123BB628A
:102770000023FB6200233B6307F1240319463B4817
:1027800006F02AFC4FF680737B620123BB620023B4
:10279000FB6200233B6307F124031946344806F02B
:1027A0001BFC4FF44E637B620323BB620023FB627E
:1027B00007F1240319462C4806F00EFC4EF25F1375
:1027C0007B620323BB620023FB6207F124031946EB
:1027D000284806F001FC4FF420737B620123BB62A2
:1027E0000023FB6200233B6307F1240319462148C1
:1027F00006F0F2FB4FF440637B620123BB620123CE
:10280000FB6200233B6307F124031946194806F0D5
:10281000E3FB3C237B620023BB620023FB6207F1E6
:1028200024031946114806F0D7FB4FF4C0637B62BE
:102830000323BB620023FB6207F1240319464FF018
:10284000904006F0C9FB20237B624FF48813BB62E3
:102850000023FB6207F1240319460DE0001002403B
:102860000014004800080048000400480018004810
:1028700000100048000C0048154806F0ADFB4FF46E
:1028800060437B620323BB620023FB6207F12403E6
:102890001946104806F0A0FB08237B620323BB62A5
:1028A0000023FB6207F1240319460B4806F094FB52
:1028B00002237B620023BB620023FB6207F1240337
:1028C0001946064806F088FB00BF3837BD4680BD74
:1028D000000C004800180048001C00480010004888
:1028E00080B500AF0B4B0C4A1A600A4B06225A60A7
:1028F000084B40F6FF72DA60064B40F6C3129A604E
:10290000044806F05FFF0346002B01D001F0BCFF36
:1029100000BF80BDAC0600200030004080B582B012
:1029200000AF786028221B49786814F08BFF796823
:102930000A684B68184819498B4208BF824225D063
:102940002822FF21786814F051FF7B68002242F0B2
:1029500054021A70002242F04F025A70002242F0D4
:102960004C029A70002242F05302DA70002242F0C8
:1029700054021A71002242F04F025A71002242F0B2
:102980004F029A71002242F04202DA7100BF08370A
:10299000BD4680BD00000E08544F4C53544F4F426B
:1029A00080B58EB000AF786007F1100300221A6086
:1029B0005A609A60DA600023FB607B68FB62002348
:1029C00087F8373005F0ECFF00233B6102237B6181
:1029D0004FF4E073BB610123FB6107F10C0207F1C7
:1029E00010031146184606F053F9034687F83730AE
:1029F00097F83730002B3FD1FB68B3F1FF3F3BD155
:102A000000233B6332E03B6B03F1807303F5E0335B
:102A1000D9003B6BDB00FA6A1344D3E900230020A2
:102A200005F044FF034687F8373097F83730002B1E
:102A300020D13B6B03F1807303F5E033DB00D3E976
:102A40000023C7E908233B6BDB00FA6A1344D3E990
:102A50000023D7E90801994208BF904203D001231F
:102A600087F8373007E03B6B01333B633B6B042B4C
:102A7000C9D904E000BF02E0012387F8373005F030
:102A8000B1FF97F8373018463837BD4680BD000093
:102A90002DE9F04FC1B000AF03F085F803F028F93D
:102AA0000346B84A136001F087FCB74B96225A637D
:102AB0000021B6480BF0B4FFFFF756FD02F0D6F840
:102AC00002F08EFA13F010FF02F03CFC02F088FED8
:102AD00002F0B6FEFFF748FC02F04CF802F088F86E
:102AE00002F042FB02F0B6FB02F0A4FCFFF7F8FE96
:102AF000A7480BF095FCA7480AF002FAA6480EF08A
:102B0000E7FBA6480EF0E4FB0522A549A2480EF01B
:102B10007FFD0522A349A1480EF07AFDA24B642255
:102B20005A630021A1480BF07BFF4FF080436422E1
:102B30009A6304219E480BF073FF9E4B64221A6433
:102B40000C219D480BF06CFF01F010FEFEF762FEB9
:102B50009A494FF0006001F0B2FD03461A46984BC7
:102B60001A80974B1A88974B1A80974806F0BAFE3E
:102B7000964B1B78082B44D1954BC7F8E8304FF0A3
:102B800000024FF00003C7E9302307F15403184651
:102B9000FFF7C4FEFA6D3B6EC7E9302307F1B803B7
:102BA00007F1C00292E8030083E8030007F1B803CD
:102BB00008221946874814F009FE0346002B1BD152
:102BC000D7F8E80001F0A0FC0346012B14D1FEF772
:102BD000AFFE814B1B78012B13D101F0BDFD724B71
:102BE00000225A634FF0804300229A63714B002207
:102BF0001A6401F035FC04E0FEF79AFE734B0922DB
:102C00001A70764B1B78012BAFD10023A7F8B63092
:102C1000724B00221A70724B9B78A7F8E630B7F817
:102C2000E630062B04D9B7F8E630B3F5006F2ED99D
:102C30006C4B24221A706B4B2B225A70694B072263
:102C40009A70684B0022DA70664B00221A71654B4D
:102C50003B225A71634B23229A710721614801F08C
:102C60002EFD03461A46564B1A80554B1B88DAB286
:102C70005C4BDA70524B1B881B0A9BB2DAB2594B81
:102C80001A710721574813F073FF01F084BB544BAE
:102C90001B78242B2ED0534B24221A70514B2922FF
:102CA0005A70504B07229A704E4B0022DA704D4BEF
:102CB00000221A714B4B3B225A714A4B23229A71C4
:102CC0000721484801F0FBFC03461A463C4B1A809A
:102CD0003B4B1B88DAB2434BDA70394B1B881B0A1B
:102CE0009BB2DAB23F4B1A7107213E4813F040FF06
:102CF00001F051BBB7F8E630013B394AD35C1BB257
:102D00001B021AB2B7F8E630023B3549CB5C1BB266
:102D100013431BB2A7F8E430B7F8E43042F23B3279
:102D2000934261D02F4B24221A702E4B2A225A70C4
:102D30002C4B07229A702B4B0022DA70294B002271
:102D40001A71284B3B225A71264B23229A71072174
:102D5000244801F0B4FC03461A46194B1A80184B5C
:102D60001B88DAB21F4BDA70154B1B881B0A9BB20B
:102D7000DAB21C4B1A7107211A4813F0F9FE01F060
:102D80000ABB00BFBC06002000080040BC0A0020AF
:102D9000080B002074090020640B0020EC0B0020BD
:102DA000540B00205C0B0020002C0140D8090020AF
:102DB000240A002000040040700A0020FFFF0100E8
:102DC000C8060020CA060020AC060020940000209F
:102DD000000002088C000020140700204C1700207F
:102DE0004C0F0020D0060020B7F8B6309BB201335C
:102DF000B94AD35C053B212B01F29E8201A252F815
:102E000023F000BF8D2E0008394300083943000825
:102E10003943000839430008BB2F00083943000834
:102E20003943000839430008FB31000839430008E2
:102E300039430008394300088D340008394300083D
:102E40003943000839430008A53600083943000813
:102E50003943000839430008394300083943000862
:102E60003943000839430008633A00085338000822
:102E70003943000839430008394300083943000842
:102E80009141000839430008113F0008B7F8B630F7
:102E90009BB21A46904B1A44904B1068516803C37A
:102EA0008E4B9A888E4B1A808C4B00229A808B4BCB
:102EB0005B881946894801F002FC03461A46894B93
:102EC0001A80874B1A88874B1B889A4246D18648BE
:102ED0000BF05AFB854B09221A70854B24221A707D
:102EE000834B06225A70824B0B229A70814B1B88AF
:102EF000DAB27F4BDA707F4B1B881B0A9BB2DAB2C7
:102F00007B4B1A717A4B00225A71794B01229A71CC
:102F1000774B0022DA71764B00221A72744B3B22F7
:102F20005A72734B23229A720B21714801F0C7FB2E
:102F300003461A466B4B1A806A4B1B88DAB26C4BFD
:102F4000DA71684B1B881B0A9BB2DAB2684B1A72A3
:102F50000B21674813F00CFE01F01DBA644B2422CC
:102F60001A70634B23225A70614B07229A70604B90
:102F70000022DA705E4B00221A715D4B3B225A71BF
:102F80005B4B23229A710721594801F098FB0346B5
:102F90001A46544B1A80534B1B88DAB2544BDA70E2
:102FA000504B1B881B0A9BB2DAB2514B1A71072196
:102FB0004F4813F0DDFD01F0EEB9002387F8FF3034
:102FC000B7F8B6309BB21A46434B1A444A4B1068C6
:102FD000516803C3484B9A88414B1A80464B0022E4
:102FE0009A80454B5B881946434801F068FB0346CD
:102FF0001A463C4B1A803A4B1A883A4B1B889A4225
:1030000040F0CC803D4B3E4A1A604023C7F8D03098
:10301000C023C7F8CC3005F0C3FC0023C7F8A430A8
:103020000123C7F8A830D7F8D030C7F8AC30D7F8AC
:10303000CC30C7F8B03007F1A4033249184605F088
:1030400027FE03461A46304B1A702F4B1B78002B75
:1030500005D197F8FF30013387F8FF3004E097F887
:10306000FF30013B87F8FF3097F8FF30012B4DD040
:10307000244B1B68B3F1FF3F48D01D4B24221A702C
:103080001B4B0D225A701A4B07229A70184B0022C4
:10309000DA70174B00221A71154B3B225A71144BF0
:1030A00023229A710721124801F009FB03461A46B0
:1030B0000C4B1A800B4B1B88DAB20D4BDA70094BA4
:1030C0001B881B0A9BB2DAB2094B1A710721084808
:1030D00013F04EFD50E000BF4C0F002060070020B1
:1030E000CE060020C8060020080B00209400002017
:1030F000D0060020CA0600206807002098000020A3
:1031000000000208C4060020C006002097F8FF3027
:10311000012B31D1A34B1B68B3F1FF3F2CD1A24B44
:1031200024221A70A04B0C225A709F4B07229A70CF
:103130009D4B0022DA709C4B00221A719A4B3B2265
:103140005A71994B23229A710721974801F0B7FAD7
:1031500003461A46954B1A80944B1B88DAB2924B61
:10316000DA70924B1B881B0A9BB2DAB28E4B1A7133
:1031700007218D4813F0FCFC05F034FC8C4B1B68D8
:103180008C49184601F09BFA03461A46874B1A8071
:10319000864B1A88884B1A8001F0FDB8824B242296
:1031A0001A70814B23225A707F4B07229A707E4BF4
:1031B0000022DA707C4B00221A717B4B3B225A7141
:1031C000794B23229A710721774801F078FA034658
:1031D0001A46764B1A80754B1B88DAB2724BDA703E
:1031E000724B1B881B0A9BB2DAB26F4B1A71072114
:1031F0006D4813F0BDFC01F0CEB8002387F8FE3017
:10320000B7F8B6309BB21A466C4B13446C4A1C4656
:10321000164604F1400C35462346186859689A68EA
:10322000DB680FC5103410366445F4D1644B9A8FB7
:10323000644B1A80624B00229A87614B9B78194637
:103240005F4801F03CFA03461A46584B1A805D4B22
:103250001A88564B1B889A4240F0E98005F0A0FB83
:10326000002387F8FD305FE0514B1B680833564A56
:1032700093422FD905F0B6FB4B4B24221A704A4BD0
:1032800010225A70484B07229A70474B0022DA707E
:10329000454B00221A71444B3B225A71424B232268
:1032A0009A710721404801F00AFA03461A463F4B3B
:1032B0001A803E4B1B88DAB23B4BDA703B4B1B88C3
:1032C0001B0A9BB2DAB2384B1A710721364813F049
:1032D0004FFC2FE0364B186897F8FD30384ADB007A
:1032E000D1184A688B680146002005F0DFFA0346D2
:1032F0001A46364B1A70354B1B78002B05D197F8C0
:10330000FE30013387F8FE3004E097F8FE30013BD1
:1033100087F8FE30264B1B680833254A136097F860
:10332000FD30013387F8FD30254BDB7897F8FD2021
:103330009A4299D905F056FB97F8FE20204BDB788E
:1033400001339A4244D1184B24221A70164B0F2293
:103350005A70154B07229A70134B0022DA70124BE9
:1033600000221A71104B3B225A710F4B23229A7183
:1033700007210D4801F0A3F903461A460B4B1A80AA
:103380000A4B1B88DAB2084BDA70084B1B881B0A01
:103390009BB2DAB2044B1A710721034813F0E8FB21
:1033A00000F0F9BFC4060020D0060020C8060020A7
:1033B00098000020FFFF0500CC0600204C0F0020E5
:1033C00020070020CE060020FFFF0708C0060020CF
:1033D000AA4B24221A70A94B10225A70A74B07221D
:1033E0009A70A64B0022DA70A44B00221A71A34BEC
:1033F0003B225A71A14B23229A7107219F4801F069
:103400005EF903461A469E4B1A809D4B1B88DAB222
:103410009A4BDA709A4B1B881B0A9BB2DAB2974B15
:103420001A710721954813F0A3FB00F0B4BF934B2A
:1034300024221A70914B23225A70904B07229A70C3
:103440008E4B0022DA708D4B00221A718B4B3B227F
:103450005A718A4B23229A710721884801F02FF96B
:1034600003461A46864B1A80854B1B88DAB2834B7B
:10347000DA70834B1B881B0A9BB2DAB27F4B1A713E
:1034800007217E4813F074FB00F085BF4FF0000267
:103490004FF00003C7E92623002387F8FC30794B5F
:1034A0001A683A605B687B60D7E90023C7E9262386
:1034B000B7F8B6309BB21A46734B1A44734B106878
:1034C000516803C312891A80704BDA88704B1A80D6
:1034D0006E4B0022DA806D4B5B8819466B4801F019
:1034E000EEF803461A46664B1A80694B1A88644BFD
:1034F0001B889A4240F0938007F154031846FFF767
:103500000DFAD7E926231146F9653B665F4B9B8888
:103510009BB200229846914643467B664B46BB666B
:1035200007F154031846FFF73BFA03461A46594B76
:103530001A70584B1B78002B02D1022387F8FC30FD
:1035400097F8FC30022B2DD14C4B24221A704B4B98
:1035500013225A70494B07229A70484B0022DA70A6
:10356000464B00221A71454B3B225A71434B232292
:103570009A710721414801F0A2F803461A46404BD0
:103580001A803F4B1B88DAB23C4BDA703C4B1B88ED
:103590001B0A9BB2DAB2394B1A710721374813F074
:1035A000E7FA2CE0354B24221A70344B14225A705F
:1035B000324B07229A70314B0022DA702F4B0022D7
:1035C0001A712E4B3B225A712C4B23229A710721E0
:1035D0002A4801F074F803461A46294B1A80284BF2
:1035E0001B88DAB2254BDA70254B1B881B0A9BB26D
:1035F000DAB2224B1A710721204813F0B9FA264B90
:103600001B681946254801F05AF803461A461C4B18
:103610001A801B4B1A88224B1A8000F0BCBE174B35
:1036200024221A70154B23225A70144B07229A70C9
:10363000124B0022DA70114B00221A710F4B3B2201
:103640005A710E4B23229A7107210C4801F037F86A
:1036500003461A460A4B1A80094B1B88DAB2074BFD
:10366000DA70074B1B881B0A9BB2DAB2034B1A7144
:103670000721024813F07CFA00F08DBED00600202E
:10368000C80600208C0000204C0F0020700700208E
:10369000CE060020C006002010070020000002080F
:1036A000CC060020002387F8FB30B7F8B6309BB279
:1036B0001A46914B1A44914B10685168926807C39F
:1036C0008E4B1A898E4B1A808C4B00221A818B4BA1
:1036D0005B881946894800F0F2FF03461A46894B79
:1036E0001A80874B1A88874B1B889A4240F0828049
:1036F000824B5B68844A1360834B1B68194683487E
:1037000000F0DDFF03461A467E4B1A807D4B1A8877
:103710007F4B1A8007F154031846FFF7FFF87A4BE6
:103720001B6800229A4693465346FB665B463B67FE
:10373000744B1B889BB20022BB60FA60D7E902126F
:103740000B467B671346BB6707F154031846FFF728
:1037500027F903461A466F4B1A706E4B1B78002BE5
:1037600002D1022387F8FB3097F8FB30022B40F0A0
:103770001186694B24221A70674B16225A70664BC9
:103780000B229A70624B1B88DAB2634BDA70604B83
:103790001B881B0A9BB2DAB25F4B1A715E4B002288
:1037A0005A715D4B01229A715B4B0022DA715A4BC0
:1037B00000221A72584B3B225A72574B23229A729C
:1037C0000B21554800F07BFF03461A464D4B1A80EB
:1037D0004C4B1B88DAB2504BDA714A4B1B881B0AE0
:1037E0009BB2DAB24C4B1A720B214B4813F0C0F962
:1037F00000F0D0BD484B24221A70474B23225A7048
:10380000454B07229A70444B0022DA70424B00224B
:103810001A71414B3B225A713F4B23229A71072167
:103820003D4800F04CFF03461A46364B1A80354B94
:103830001B88DAB2384BDA70324B1B881B0A9BB2FA
:10384000DAB2354B1A710721334813F091F900F0C1
:10385000A1BD002387F8FA30B7F8B6309BB21A46FC
:10386000254B1A442D4B1068516803C32B4B9A8883
:10387000234B1A80294B00229A80284B5B881946DB
:10388000264800F01CFF03461A461E4B1A801C4BAC
:103890001A881C4B1B889A4240F0B480002001F02B
:1038A000F5F802F025FAC7F8D40009E002F020FA92
:1038B0000246D7F8D430D31A41F28832934207D85F
:1038C00001F02AF9034603F00103002BEED100E0DA
:1038D00000BF012387F8F9300023C7F8F43024E053
:1038E000D7F8F40001F090F80346FF2B18D000231E
:1038F00087F8F9301DE000BF4C0F00207C07002046
:10390000CE060020C8060020100700200000020894
:10391000CC060020C0060020D0060020680700204A
:10392000D7F8F4300133C7F8F430D7F8F430FF2B70
:10393000D6D997F8F930012B02D1012387F8FA3054
:1039400097F8FA30012B2ED19A4B24221A70994BFA
:1039500020225A70974B07229A70964B0022DA70F9
:10396000944B00221A71934B3B225A71914B2322A4
:103970009A7107218F4800F0A2FE03461A468E4B2B
:103980001A808D4B1B88DAB28A4BDA708A4B1B88FF
:103990001B0A9BB2DAB2874B1A710721854813F0D4
:1039A000E7F800F0F8BC834B24221A70814B2122E7
:1039B0005A70804B07229A707E4B0022DA707D4B42
:1039C00000221A717B4B3B225A717A4B23229A7147
:1039D0000721784800F073FE03461A46764B1A809A
:1039E000754B1B88DAB2734BDA70734B1B881B0A5A
:1039F0009BB2DAB26F4B1A7107216E4813F0B8F818
:103A000000F0C9BC6B4B24221A706A4B23225A70F7
:103A1000684B07229A70674B0022DA70654B0022D0
:103A20001A71644B3B225A71624B23229A7107210F
:103A3000604800F044FE03461A465F4B1A805E4B16
:103A40001B88DAB25B4BDA705B4B1B881B0A9BB29C
:103A5000DAB2584B1A710721564813F089F800F072
:103A60009ABCB7F8B6309BB21A46544B1344544A2A
:103A70001046194644231A4613F0E4FE504B5B7877
:103A80001E2B2ED04B4B24221A704A4B2C225A70DC
:103A9000484B07229A70474B0022DA70454B0022B0
:103AA0001A71444B3B225A71424B23229A710721CF
:103AB000404800F004FE03461A463F4B1A803E4B36
:103AC0001B88DAB23B4BDA703B4B1B881B0A9BB25C
:103AD000DAB2384B1A710721364813F049F800F072
:103AE0005ABC374BB3F803309BB2B3F57A7F2ED371
:103AF000304B24221A702F4B28225A702D4B07224C
:103B00009A702C4B0022DA702A4B00221A71294B32
:103B10003B225A71274B23229A710721254800F036
:103B2000CEFD03461A46244B1A80234B1B88DAB27B
:103B3000204BDA70204B1B881B0A9BB2DAB21D4B5C
:103B40001A7107211B4813F013F800F024BC1C4B1A
:103B50009B78442B36D0174B24221A70154B2B22FE
:103B60005A70144B07229A70124B0022DA70114BD4
:103B700000221A710F4B3B225A710E4B23229A716D
:103B800007210C4800F09BFD03461A460A4B1A8099
:103B9000094B1B88DAB2074BDA70074B1B881B0AEC
:103BA0009BB2DAB2034B1A710721024812F0E0FF10
:103BB000F1E300BFD0060020C80600204C0F002013
:103BC000880700209F4B1B78242B2DD09E4B24224E
:103BD0001A709D4B29225A709B4B07229A709A4B60
:103BE0000022DA70984B00221A71974B3B225A71CF
:103BF000954B23229A710721934800F060FD0346FC
:103C00001A46924B1A80914B1B88DAB28E4BDA70AF
:103C10008E4B1B881B0A9BB2DAB28B4B1A710721A1
:103C2000894812F0A5FFB6E3864BB3F8423042F262
:103C30003B3293422DD0844B24221A70824B2A228D
:103C40005A70814B07229A707F4B0022DA707E4BAC
:103C500000221A717C4B3B225A717B4B23229A71B2
:103C60000721794800F02BFD03461A46774B1A804E
:103C7000764B1B88DAB2744BDA70744B1B881B0AC4
:103C80009BB2DAB2704B1A7107216F4812F070FFC5
:103C900081E36C4BB3F840206D4B1A80694B0022D6
:103CA000A3F84020674B9B781946664800F007FD53
:103CB00003461A46654B1A80654B1A88634B1B886E
:103CC0009A4240F0F7805F4BB3F803309BB2DB02BF
:103CD0001A46604B1A605B4A07F1100311464422F2
:103CE000184613F0AFFD5B4B1B684421184600F0EB
:103CF000ABFD0346002B00F0AF800023A7F8F230A5
:103D000014E0B7F8F230F03307F11002134413F85F
:103D1000F00CB7F8F2204F4B1B681344194600F023
:103D20002DFEB7F8F2300133A7F8F230B7F8F230D1
:103D3000432BE6D90023A7F8F03017E0B7F8F020BE
:103D4000444B1B681344B7F8F040184600F05CFE83
:103D500003461A4604F1F00307F110010B4403F87F
:103D6000AC2CB7F8F0300133A7F8F030B7F8F030EA
:103D7000432BE3D907F1540107F1100344221846FD
:103D800013F024FD0346002B2DD12F4B24221A7053
:103D90002D4B19225A702C4B07229A702A4B002265
:103DA000DA70294B00221A71274B3B225A71264B9D
:103DB00023229A710721244800F081FC03461A4609
:103DC000224B1A80214B1B88DAB21F4BDA701F4B33
:103DD0001B881B0A9BB2DAB21B4B1A7107211A48C7
:103DE00012F0C6FED7E2184B24221A70164B192285
:103DF0005A70154B07229A70134B0122DA70124B3E
:103E000000221A71104B3B225A710F4B23229A71D8
:103E100007210D4800F053FC03461A460B4B1A804D
:103E20000A4B1B88DAB2084BDA70084B1B881B0A56
:103E30009BB2DAB2044B1A710721034812F098FEC4
:103E4000A9E200BF88070020D0060020C806002095
:103E5000CE0600201C070020AE4B24221A70AD4B6A
:103E600022225A70AB4B07229A70AA4B0022DA70BA
:103E7000A84B00221A71A74B3B225A71A54B232253
:103E80009A710721A34800F01AFC03461A46A24B78
:103E90001A80A14B1B88DAB29E4BDA709E4B1B88AE
:103EA0001B0A9BB2DAB29B4B1A710721994812F098
:103EB0005FFE70E2974B24221A70964B23225A70B1
:103EC000944B07229A70934B0022DA70914B002298
:103ED0001A71904B3B225A718E4B23229A71072103
:103EE0008C4800F0ECFB03461A468B4B1A808A4B39
:103EF0001B88DAB2874BDA70874B1B881B0A9BB290
:103F0000DAB2844B1A710721824812F031FE42E284
:103F10000023A7F8E2304FF46063A7F8E0300023F5
:103F2000A7F8DE300023A7F8DC30B7F8B6309BB234
:103F30001A467A4B1A447A4B10685168926807C344
:103F4000774B1A89774B1A80754B00221A81744B74
:103F50005B881946724800F0B2FB03461A466E4B66
:103F60001A80704B1A886C4B1B889A4240F0E28092
:103F70004FF4FA110020FDF793FC0346A7F8E23056
:103F8000142000F083FD01F0B3FEC7F8D80009E06B
:103F900001F0AEFE0246D7F8D830D31A41F288328B
:103FA000934207D800F0B8FD034603F00103002B4D
:103FB000EED100E000BFB7F8E230DBB24FF4A00171
:103FC000184600F0DBFCB7F8E2301B0A9BB2DBB20C
:103FD0005549184600F0D2FCB7F8E030DBB253493F
:103FE000184600F0CBFCB7F8E0301B0A9BB2DBB2FE
:103FF0004F49184600F0C2FC4FF4A00000F004FD49
:104000000346A7F8DC30484800F0FEFC03461B02DC
:1040100003F47F431AB2B7F9DC3013431BB2A7F89D
:10402000DC30424800F0F0FC0346A7F8DE304048A0
:1040300000F0EAFC03461B0203F47F431AB2B7F90F
:10404000DE3013431BB2A7F8DE30B7F8E220B7F832
:10405000DC309A422FD1B7F8E020B7F8DE309A4230
:1040600029D12F4B24221A702D4B27225A702C4B0A
:104070000C225A802A4AB7F8E2309380284B00225B
:10408000DA80274B00221A81254B42F23B325A81BB
:10409000234B5B881946224800F011FB03461A4661
:1040A0001D4B1A801C4B1A881D4B1A810C211C4871
:1040B00012F05EFD6FE1174B24221A70154B21227E
:1040C0005A70144B07229A70124B0022DA70114B6F
:1040D00000221A710F4B3B225A710E4B23229A7108
:1040E00007210C4800F0EBFA03461A460A4B1A80E7
:1040F000094B1B88DAB2074BDA70074B1B881B0A87
:104100009BB2DAB2034B1A710721024812F030FD5C
:1041100041E100BFD0060020C80600204C0F00205F
:104120001C080020CE0600200100500002005000B4
:1041300003005000994B24221A70984B23225A7086
:10414000964B07229A70954B0022DA70934B00220F
:104150001A71924B3B225A71904B23229A7107217C
:104160008E4800F0ACFA03461A468D4B1A808C4BF1
:104170001B88DAB2894BDA70894B1B881B0A9BB209
:10418000DAB2864B1A710721844812F0F1FC02E181
:10419000B7F8B6309BB21A46824B1A44824B10686D
:1041A000516803C312891A807F4BDA887F4B1A80CB
:1041B0007D4B0022DA807C4B5B8819467A4800F000
:1041C0007EFA03461A46764B1A80784B1A88744B4F
:1041D0001B889A4240F08280734B9B88DB021A4610
:1041E000734B1A60724B1B684421184600F02CFB7D
:1041F0000346002B42D10023A7F8EE3017E0B7F8B2
:10420000EE206B4B1B681344B7F8EE40184600F0E5
:10421000FBFB03461A4604F1F00307F110010B44BF
:1042200003F8AC2CB7F8EE300133A7F8EE30B7F84E
:10423000EE30432BE3D95F4B184607F15403442279
:10424000194613F0FFFA5B4B25225A70594B002296
:10425000A3F84020574B9B781946564800F02FFA98
:1042600003461A464E4B1A804D4B1A88514BA3F801
:10427000402044214F4812F07BFC8CE04422002176
:104280004C4813F0B3FA4B4B24221A70494B2522A9
:104290005A70484B002262F01602DA70002242F097
:1042A00003021A71434B44229A70424B42F23B3252
:1042B000A3F842203F4B9B7819463E4800F0FFF997
:1042C00003461A46364B1A80354B1A88394BA3F8E9
:1042D00040204421374812F04BFC5CE02F4B242255
:1042E0001A702E4B23225A702C4B07229A702B4B9C
:1042F0000022DA70294B00221A71284B3B225A7196
:10430000264B23229A710721244800F0D8F903464E
:104310001A46234B1A80224B1B88DAB21F4BDA70E5
:104320001F4B1B881B0A9BB2DAB21C4B1A71072168
:104330001A4812F01DFC2EE0184B24221A70174B5D
:1043400007225A70154B07229A70144B0022DA701C
:10435000124B00221A71114B3B225A710F4B232230
:104360009A7107210D4800F0AAF903461A460C4B32
:104370001A800B4B1B88DAB2084BDA70084B1B888B
:104380001B0A9BB2DAB2054B1A710721034812F0DF
:10439000EFFB00E000BFFEF7E8BB00BFD006002047
:1043A000C80600204C0F002010080020CE06002078
:1043B0001C070020CC07002080B596B000AF07F1A5
:1043C000140344220021184613F010FA3B46002241
:1043D0001A605A609A60DA601A614FF4007006F051
:1043E00099FC0346002B01D000F04EFA29237B6193
:1043F0004FF48033BB610123BB630123BB62022303
:10440000FB6303233B6401237B641423BB6402230B
:10441000FB6402233B6502237B6507F11403184606
:1044200006F0ACFD0346002B01D000F02DFA0F235F
:104430003B6003237B600023BB600023FB60002301
:104440003B613B460421184607F0E8FA0346002B7F
:1044500001D000F019FA00BF5837BD4680BD0000FA
:1044600080B586B000AF254B7B617B691B683B61E3
:104470007B6904331B68FB60FB68BB6000F07AF863
:104480001F4B00221A601E4B00225A601C4B002258
:104490009A601C4B5B681B4A43F020635360194BC6
:1044A000184A9B6A9362174B164ADB6AD362154B14
:1044B000144A1B6B1363134B00225A63114B0022E7
:1044C0009A63104A7B6993603B693B603B6883F366
:1044D000088800BF00237B607B6883F3148800BFDB
:1044E000BFF34F8F00BFBFF36F8F00BF62B600BF37
:1044F000BB68984700BF1837BD4680BD0000020862
:1045000010E000E000ED00E080B487B000AF78601C
:104510007B681B687B617B6804331B683B613B697C
:1045200023F00103FB607B69B3F1005F03D37B6978
:104530000E4A934201D9002311E03B6903F00103C5
:10454000002B01D100230AE0FA687B689A4203D36A
:10455000FB68074A934201D9002300E00123184673
:104560001C37BD465DF8047B704700BF0000052086
:10457000FFFF070880B582B000AF72B600BF314BB5
:1045800000221A602F4B00225A602E4B00229A60A4
:104590002D4810F0B0FD2C4810F01DFD2B4809F0FF
:1045A000F3FF00212A480AF0EBFB042129480AF016
:1045B000E7FB0C2128480AF0E3FB002127480AF01A
:1045C000DFFB27480CF02CFF26480CF029FF26487B
:1045D00008F084FE254808F081FE254808F07EFE9C
:1045E000244802F079F9194809F06CFE18480AF0DD
:1045F00055F918480AF052F917480AF04FF91748C8
:104600000AF04CF900237B6010E01B4A7B682033E2
:104610004FF0FF3142F82310174A7B6860334FF0A8
:10462000FF3142F823107B6801337B607B68072BE6
:10463000EBD906F001FC01F0CFFA00BF0837BD4608
:1046400080BD00BF10E000E07C0C0020080B0020C3
:10465000D8090020240A0020700A0020BC0A00208B
:10466000640B0020EC0B0020AC0800201009002097
:10467000740900204406002000E100E080B586B007
:1046800000AFF860B9601346FB8000237B610DE04A
:10469000FB685A1CFA601A78FB881146184600F02D
:1046A0001EF80346FB807B6901337B617A69BB6836
:1046B0009A42EDD3FB8818461837BD4680BD80B5B9
:1046C00082B000AF786039604FF6FF723968786861
:1046D000FFF7D4FF034618460837BD4680BD80B4B7
:1046E00085B000AF03460A46FB8013467B717B7999
:1046F0001BB21B021AB2B7F9063053401BB2FB8043
:104700000023FB7314E0B7F90630002B0ADAB7F97F
:1047100006305B001BB283F4815383F001031BB2AC
:10472000FB8002E0FB885B00FB80FB7B0133FB73BB
:10473000FB7B072BE7D9FB8818461437BD465DF88D
:10474000047B704780B500AF002102480AF068F989
:1047500000BF80BDBC0A002080B500AF0021024828
:104760000AF00EFB00BF80BDBC0A002080B500AF80
:1047700020210E4804F0DAFF0346002B0AD10C4B2F
:1047800037225A634FF0804337229A63094B37220E
:104790001A6409E0064B5A225A634FF080435A22AA
:1047A0009A63044B5A221A6400BF80BD000C004873
:1047B000002C01400004004080B582B000AF78605A
:1047C000094B1B780133DAB2074B1A70064B1B7882
:1047D000052B05D1054B08221A70054809F0D4FEB7
:1047E00000BF0837BD4680BD280800209400002087
:1047F000080B002080B582B000AF78600E4B1B68BC
:1048000008221A620D4B1B6808221A627B680A4A4A
:10481000934204D105220A4907480CF0F9FE7B684F
:10482000064A934204D10522064904480CF0F0FEE2
:1048300000BF0837BD4680BD640B0020EC0B002094
:10484000540B00205C0B002080B584B000AF786072
:1048500039600023FB600DE07A68FB68134418465A
:1048600000F0D2F80346FF2B01D0002307E0FB68DD
:104870000133FB60FA683B689A42EDD30123184686
:104880001037BD4680BD000080B500AF72B600BFD6
:10489000FFF762FF074B00225A634FF0804300226C
:1048A0009A63054B00221A640F220F210F20FCF798
:1048B000F3F9F9E7002C01400004004080B483B014
:1048C00000AF7860396000BF0C37BD465DF8047BEF
:1048D0007047000080B582B000AF00224FF4004165
:1048E0004FF0904004F042FF114B05221A704FF038
:1048F000FF3301220E490F4808F034FD4FF0FF331B
:1049000001220D490B4808F0B5FE0B4B1B78FB71DB
:1049100001224FF400414FF0904004F027FFFB7953
:1049200003F00103DBB218460837BD4680BD00BF67
:104930002C080020740900206C08002080B500AF0E
:1049400000224FF400414FF0904004F00FFF094B5C
:1049500006221A704FF0FF3301220649064808F07C
:1049600001FD01224FF400414FF0904004F0FEFEA3
:1049700000BF80BD2C0800207409002080B582B0E3
:1049800000AF03463960FB71FFF7D8FF00224FF4F8
:1049900000414FF0904004F0E9FE194B12221A70CA
:1049A0003B681B0EDAB2164B5A703B681B0CDAB22E
:1049B000134B9A703B681B0ADAB2114BDA703B68F2
:1049C000DAB20F4B1A710E4AFB7953714FF0FF3375
:1049D00006220B490B4808F0C5FC01224FF40041A8
:1049E0004FF0904004F0C2FE00BFFFF773FF034694
:1049F000002BFAD100BF00BF0837BD4680BD00BF05
:104A00002C0800207409002080B582B000AF7860C7
:104A100000224FF400414FF0904004F0A7FE184BE5
:104A200013221A707B681B0EDAB2154B5A707B6822
:104A30001B0CDAB2124B9A707B681B0ADAB2104B6D
:104A4000DA707B68DAB20E4B1A714FF0FF33052231
:104A50000B490C4808F086FC4FF0FF3301220A494D
:104A6000084808F007FE01224FF400414FF0904043
:104A700004F07CFE044B1B7818460837BD4680BD09
:104A80002C080020740900206C08002080B584B038
:104A900000AF0346FB710023FB60FB799B04FB60C6
:104AA000FFF74CFF1A4BDC221A70FB681B0EDAB2C0
:104AB000174B5A70FB681B0CDAB2154B9A70FB68E7
:104AC0001B0ADAB2124BDA70FB68DAB2104B1A71B9
:104AD00000224FF400414FF0904004F047FE4FF0A9
:104AE000FF3305220A490B4808F03CFC01224FF431
:104AF00000414FF0904004F039FE00BFFFF7EAFE9E
:104B00000346002BFAD100BF00BF1037BD4680BD61
:104B10002C0800207409002080B500AFFFF70EFFBD
:104B2000114B05221A7000224FF400414FF09040C3
:104B300004F01CFE4FF0FF3301220B490B4808F034
:104B400011FC4FF0FF3301220949084808F092FD9B
:104B500001224FF400414FF0904004F007FE044B57
:104B60001B78184680BD00BF2C0800207409002067
:104B70006C08002080B500AF1B4B1C4A1A601A4B12
:104B80004FF482725A60184B00229A60164B4FF411
:104B90007062DA60144B00221A61134B00225A61D2
:104BA000114B4FF400729A610F4B0022DA610E4BE9
:104BB00000221A620C4B00225A620B4B00229A62AE
:104BC000094B0722DA62084B00221A63064B0022C7
:104BD0005A63054808F094F90346002B01D0FFF70B
:104BE00053FE00BF80BD00BFAC0800200030014074
:104BF00080B500AF1B4B1C4A1A601A4B4FF48272EF
:104C00005A60184B00229A60164B4FF47062DA60BB
:104C1000144B00221A61134B00225A61114B4FF4BE
:104C200080229A610F4B1022DA610E4B00221A6229
:104C30000C4B00225A620B4B00229A62094B07224E
:104C4000DA62084B00221A63064B08225A630548B1
:104C500008F056F90346002B01D0FFF715FE00BF00
:104C600080BD00BF100900200038004080B500AFB3
:104C70001B4B1C4A1A601A4B4FF482725A60184B35
:104C800000229A60164B4FF4E062DA60144B002267
:104C90001A61134B00225A61114B4FF400729A6152
:104CA0000F4B0022DA610E4B00221A620C4B0022DD
:104CB0005A620B4B00229A62094B0722DA62084BB8
:104CC00000221A63064B00225A63054808F018F9BF
:104CD0000346002B01D0FFF7D7FD00BF80BD00BF0A
:104CE00074090020003C004080B58EB000AF7860B1
:104CF00007F1240300221A605A609A60DA601A6190
:104D00007B681B68464A934229D1464B1B6E454A35
:104D100043F480531366434B1B6E03F480533B6292
:104D20003B6A404BDB6C3F4A43F00103D3643D4B8D
:104D3000DB6C03F00103FB61FB69E0237B62022370
:104D4000BB620023FB6203233B6305237B6307F104
:104D5000240319464FF0904004F03EF95CE07B6874
:104D60001B68314A934229D12E4B9B6D2D4A43F447
:104D7000804393652B4B9B6D03F48043BB61BB6900
:104D8000284BDB6C274A43F00203D364254BDB6CD2
:104D900003F002037B617B694FF470437B62022363
:104DA000BB620023FB6203233B6305237B6307F1A4
:104DB000240319461D4804F00FF92DE07B681B6899
:104DC0001B4A934228D1174B9B6D164A43F400436C
:104DD0009365144B9B6D03F400433B613B69114B9E
:104DE000DB6C104A43F00403D3640E4BDB6C03F01E
:104DF0000403FB60FB684FF4E0537B620223BB6259
:104E00000023FB6203233B6306237B6307F1240338
:104E10001946084804F0E0F800BF3837BD4680BDA9
:104E200000300140001002400038004000040048FB
:104E3000003C00400008004880B582B000AF7860B8
:104E40007B681B68194A93420BD1194B1B6E184A99
:104E500023F480531366E0214FF0904004F03AFBB6
:104E600020E07B681B68134A93420BD1104B9B6D6B
:104E70000F4A23F4804393654FF470410E4804F0C9
:104E800029FB0FE07B681B680C4A93420AD1084B50
:104E90009B6D074A23F4004393654FF4E0510848A3
:104EA00004F018FB00BF0837BD4680BD003001404C
:104EB000001002400038004000040048003C004060
:104EC0000008004880B483B000AF0F4B1B6E0E4A41
:104ED00043F0010313660C4B1B6E03F001037B6070
:104EE0007B68094B9B6D084A43F080539365064BE2
:104EF0009B6D03F080533B603B6800BF0C37BD46A1
:104F00005DF8047B704700BF0010024080B400AF22
:104F100000BFFDE780B400AF00BFFDE780B400AF85
:104F200000BFFDE780B400AF00BFFDE780B400AF75
:104F300000BFFDE780B400AF00BFBD465DF8047B55
:104F4000704780B400AF00BFBD465DF8047B70477A
:104F500080B400AF00BFBD465DF8047B704780B5EC
:104F600000AF00F0B1FE00BF80BD000080B500AF13
:104F700002480CF099FB00BF80BD00BF640B00200D
:104F800080B500AF02480CF08FFB00BF80BD00BFB2
:104F9000EC0B002080B500AF02480AF025F800BFF6
:104FA00080BD00BF080B002080B500AF024804F0B0
:104FB0004AFE00BF80BD00BF5829002080B400AF6A
:104FC000064BD3F88830054A43F47003C2F88830A2
:104FD00000BFBD465DF8047B704700BF00ED00E0F8
:104FE00080B59EB000AF07F1680300221A605A60D6
:104FF0009A60DA6007F1540300221A605A609A60DE
:10500000DA601A6107F1480300221A605A609A6058
:1050100007F12C0300221A605A609A60DA601A6164
:105020005A619A613B462C220021184612F0DEFBA1
:105030004B4B4C4A1A604A4B41F63F725A60484B00
:1050400000229A60464B6322DA60454B00221A61C7
:10505000434B00225A61424B00229A61404809F0BA
:1050600027F80346002B01D0FFF70EFC4FF48053C6
:10507000BB6607F16803194639480AF00BFB034683
:10508000002B01D0FFF700FC354809F0FDFA03467C
:10509000002B01D0FFF7F8FB00237B650023BB65E5
:1050A00007F1540319462E480AF03EFE0346002B32
:1050B00001D0FFF7E9FB0023BB640023FB6400235E
:1050C0003B6507F14803194625480BF055FE03469A
:1050D000002B01D0FFF7D8FB6023FB6200233B636A
:1050E00000237B630023BB630023FB6300233B643B
:1050F00000237B6407F12C030022194618480AF0AC
:105100007BF80346002B01D0FFF7BEFB00233B607A
:1051100000237B600023BB600023FB6000233B6116
:105120004FF400537B610023BB610023FB614FF010
:1051300000733B6200237B620023BB623B4619463F
:1051400007480BF06FFF0346002B01D0FFF79CFBD5
:10515000034800F04BFA00BF7837BD4680BD00BF62
:10516000D8090020002C014080B58EB000AF07F1B7
:10517000280300221A605A609A60DA6007F11C0363
:1051800000221A605A609A603B4600221A605A60F8
:105190009A60DA601A615A619A612D4B4FF0804231
:1051A0001A602B4B41F63F725A60294B00229A60DD
:1051B000274B6322DA60264B00221A61244B00221F
:1051C0009A61234808F074FF0346002B01D0FFF7D3
:1051D0005BFB4FF48053BB6207F1280319461C4860
:1051E0000AF058FA0346002B01D0FFF74DFB184890
:1051F00009F04AFA0346002B01D0FFF745FB0023D4
:10520000FB6100237B6207F11C03194610480BF079
:10521000B3FD0346002B01D0FFF736FB60233B6054
:1052200000237B600023BB6000233B613B460422DC
:105230001946074809F0E0FF0346002B01D0FFF7AD
:1052400023FB034800F0D2F900BF3837BD4680BDCC
:10525000240A002080B58EB000AF07F12803002299
:105260001A605A609A60DA6007F11C0300221A6023
:105270005A609A603B4600221A605A609A60DA606F
:105280001A615A619A612D4B2D4A1A602B4B41F6D7
:105290003F725A60294B00229A60284B6322DA60E1
:1052A000264B00221A61254B00229A61234808F000
:1052B000FFFE0346002B01D0FFF7E6FA4FF48053C0
:1052C000BB6207F1280319461C480AF0E3F90346BC
:1052D000002B01D0FFF7D8FA184809F0D5F903469A
:1052E000002B01D0FFF7D0FA0023FB6100237B6283
:1052F00007F11C03194611480BF03EFD0346002B35
:1053000001D0FFF7C1FA60233B6000237B600023DC
:10531000BB6000233B613B460C221946074809F05D
:105320006BFF0346002B01D0FFF7AEFA034800F0F5
:105330005DF900BF3837BD4680BD00BF700A002050
:105340000004004080B58EB000AF07F128030022B2
:105350001A605A609A60DA6007F11C0300221A6032
:105360005A609A603B4600221A605A609A60DA607E
:105370001A615A619A612D4B2D4A1A602B4B41F6E6
:105380003F725A60294B00229A60284B40F22B1240
:10539000DA60264B00221A61244B80229A6123484E
:1053A00008F086FE0346002B01D0FFF76DFA4FF49C
:1053B0008053BB6207F1280319461C480AF06AF9BA
:1053C0000346002B01D0FFF75FFA184809F05CF99B
:1053D0000346002B01D0FFF757FA0023FB6100239F
:1053E0007B6207F11C03194610480BF0C5FC03460D
:1053F000002B01D0FFF748FA60233B6000237B605D
:105400000023BB6000233B613B460022194607484E
:1054100009F0F2FE0346002B01D0FFF735FA0348EE
:1054200000F0E4F800BF3837BD4680BDBC0A00205C
:105430000008004080B58CB000AF07F120030022C7
:105440001A605A609A60DA6007F10C0300221A6051
:105450005A609A60DA601A613B4600221A605A600C
:105460009A60254B254A1A60234B40F21F325A603E
:10547000214B00229A60204B214ADA601E4B002209
:105480001A611D4B00229A611B4808F011FE034669
:10549000002B01D0FFF7F8F94FF480533B6207F17E
:1054A0002003194614480AF0F5F80346002B01D0F2
:1054B000FFF7EAF90023FB6000233B6107F10C03CF
:1054C00019460D480AF030FC0346002B01D0FFF7C7
:1054D000DBF900233B600023BB603B4619460648CE
:1054E0000BF04AFC0346002B01D0FFF7CDF900BFBB
:1054F0003037BD4680BD00BF080B0020000C0040C7
:10550000A086010080B588B000AF78607B681B681A
:10551000314A93420CD1314B1B6E304A43F4006345
:1055200013662E4B1B6E03F40063FB61FB694EE0B8
:105530007B681B68B3F1804F0CD1284B9B6D274AC9
:1055400043F001039365254B9B6D03F00103BB61A1
:10555000BB693CE07B681B68214A93420CD11F4B1E
:105560009B6D1E4A43F0020393651C4B9B6D03F039
:1055700002037B617B692AE07B681B68194A9342BE
:105580000CD1164B9B6D154A43F004039365134BE6
:105590009B6D03F004033B613B6918E07B681B686B
:1055A000114A934213D10D4B9B6D0C4A43F00803F3
:1055B00093650A4B9B6D03F00803FB60FB680022B8
:1055C0000021322003F08AF8322003F0B3F800BF44
:1055D0002037BD4680BD00BF002C014000100240B6
:1055E0000004004000080040000C004080B58CB072
:1055F00000AF786007F11C0300221A605A609A60BD
:10560000DA601A617B681B68464A93421ED1464B9A
:10561000DB6C454A43F00103D364434BDB6C03F07E
:105620000103BB61BB694FF48073FB6102233B62E2
:1056300000237B620023BB620123FB6207F11C0392
:1056400019464FF0904003F0C7FC66E07B681B688A
:10565000B3F1804F1CD1344BDB6C334A43F002036F
:10566000D364314BDB6C03F002037B617B6908235D
:10567000FB6102233B6200237B620023BB620123A8
:10568000FB6207F11C031946284803F0A5FC44E01F
:105690007B681B68264A93421DD1234BDB6C224A50
:1056A00043F00403D364204BDB6C03F004033B6141
:1056B0003B694FF40073FB6102233B6200237B6272
:1056C0000023BB620223FB6207F11C031946194841
:1056D00003F082FC21E07B681B68174A93421CD1CF
:1056E000114BDB6C104A43F00803D3640E4BDB6CA8
:1056F00003F00803FB60FB684FF48053FB61022357
:105700003B6200237B620023BB620223FB6207F142
:105710001C031946094803F05FFC00BF3037BD4643
:1057200080BD00BF002C0140001002400004004872
:10573000000400400008004800080040000C004839
:1057400080B582B000AF78607B681B681F4A9342C7
:1057500006D11F4B1B6E1E4A23F40063136631E013
:105760007B681B68B3F1804F06D1194B9B6D184ABB
:1057700023F00103936525E07B681B68154A93427B
:1057800006D1134B9B6D124A23F00203936519E077
:105790007B681B68104A934206D10D4B9B6D0C4AE7
:1057A00023F0040393650DE07B681B680B4A93426A
:1057B00008D1074B9B6D064A23F0080393653220FE
:1057C00002F0D0FF00BF0837BD4680BD002C01406D
:1057D000001002400004004000080040000C00409F
:1057E00080B500AF144B154A1A60134B4FF4614259
:1057F0005A60114B00229A600F4B0022DA600E4B68
:1058000000221A610C4B0C225A610B4B00229A6148
:10581000094B0022DA61084B00221A62064B002273
:105820005A6205480BF054FD0346002B01D0FFF7E8
:105830002BF800BF80BD00BF640B00200038014082
:1058400080B500AF144B154A1A60134B4FF46142F8
:105850005A60114B00229A600F4B0022DA600E4B07
:1058600000221A610C4B0C225A610B4B00229A61E8
:10587000094B0022DA61084B00221A62064B002213
:105880005A6205480BF024FD0346002B01D0FEF7B9
:10589000FBFF00BF80BD00BFEC0B002000440040B8
:1058A00080B5AEB000AF786007F1A40300221A60A3
:1058B0005A609A60DA601A6107F118038C2200219D
:1058C000184611F093FF7B681B684B4A934246D100
:1058D0000123BB6100233B6507F11803184606F05E
:1058E00061FB0346002B01D0FEF7CEFF434B1B6E3E
:1058F000424A43F480431366404B1B6E03F48043DB
:105900007B617B693D4BDB6C3C4A43F04003D364D5
:105910003A4BDB6C03F040033B613B6905F07CFADA
:105920004FF4C063C7F8A4300223C7F8A83000239F
:10593000C7F8AC300323C7F8B0300723C7F8B4303A
:1059400007F1A40319462E4803F046FB002200216C
:10595000252002F0C3FE252002F0ECFE48E07B6823
:105960001B68284A934243D10223BB6100237B6515
:1059700007F11803184606F015FB0346002B01D06B
:10598000FEF782FF1D4B9B6D1C4A43F40033936569
:105990001A4B9B6D03F40033FB60FB68174BDB6C09
:1059A000164A43F00103D364144BDB6C03F001038C
:1059B000BB60BB680C23C7F8A4300223C7F8A8302B
:1059C0000023C7F8AC300323C7F8B0300723C7F86B
:1059D000B43007F1A40319464FF0904003F0FCFAED
:1059E00000220021262002F079FE262002F0A2FEED
:1059F00000BFB837BD4680BD0038014000100240EE
:105A0000001800480044004080B582B000AF7860C4
:105A10007B681B68144A93420ED1144B1B6E134AC9
:105A200023F4804313664FF4C061114803F052FD24
:105A3000252002F097FE12E07B681B680D4A934216
:105A40000DD10A4B9B6D094A23F4003393650C2159
:105A50004FF0904003F03EFD262002F083FE00BF91
:105A60000837BD4680BD00BF00380140001002402D
:105A7000001800480044004080B582B000AF0346E3
:105A8000FB71FB79012B3AD101224FF400612A48C6
:105A900003F06CFE01224FF48051274803F066FEAC
:105AA000012202214FF0904003F060FE012201210B
:105AB0004FF0904003F05AFE012280211F4803F06E
:105AC00055FE4FF0FF3305221D491E480BF016FD11
:105AD00000228021194803F049FE012208211A48BA
:105AE00003F044FE4FF0FF330522184918480BF02D
:105AF00005FD00220821144803F038FE17E00022BB
:105B00004FF400610C4803F031FE00224FF4805145
:105B1000094803F02BFE002202214FF0904003F0D1
:105B200025FE002201214FF0904003F01FFE00BF30
:105B30000837BD4680BD00BF00180048000C004873
:105B4000A0000020640B002000080048A8000020EE
:105B5000EC0B0020DFF834D0FFF730FA0C480D4989
:105B60000D4A002302E0D458C4500433C4188C42B8
:105B7000F9D30A4A0A4C002301E013600432A2421E
:105B8000FBD311F03BFEFCF783FFFEE7000005208E
:105B900000000020D80100208C7C0108D8010020E2
:105BA00058300020FEE780B582B000AF0023FB71C3
:105BB000032002F073FD0F2000F04AF80346002B8B
:105BC00002D00123FB7101E0FFF77CF9FB79184655
:105BD0000837BD4680BD000080B500AF174B4FF0C1
:105BE000FF329A63154B4FF0FF32DA63134B0022FA
:105BF0009A63124B0022DA63104B4FF0FF321A64A3
:105C00000E4B00221A640D4B4FF0FF329A620B4B81
:105C100000229A62094B4FF0FF32DA62074B0022F2
:105C2000DA62064B4FF0FF321A63044B00221A630C
:105C300000F006F80023184680BD00BF00100240A7
:105C400080B400AF00BFBD465DF8047B7047000024
:105C500080B584B000AF78600023FB73174B1B78CE
:105C6000002B23D0164B1A68144B1B7819464FF49F
:105C70007A73B3FBF1F3B2FBF3F3184602F08AFD3B
:105C80000346002B0FD17B680F2B09D800227968BF
:105C90004FF0FF3002F022FD0A4A7B68136007E0F4
:105CA0000123FB7304E00123FB7301E00123FB7379
:105CB000FB7B18461037BD4680BD00BFB4000020F6
:105CC0009C000020B000002080B400AF064B1B7881
:105CD0001A46064B1B681344044A136000BFBD46B6
:105CE0005DF8047B704700BFB4000020740C0020F6
:105CF00080B400AF034B1B681846BD465DF8047BBB
:105D0000704700BF740C002080B584B000AF78608D
:105D1000FFF7EEFFB8607B68FB60FB68B3F1FF3F05
:105D200005D00A4B1B781A46FB681344FB6000BF82
:105D3000FFF7DEFF0246BB68D31AFA689A42F7D82B
:105D400000BF00BF1037BD4680BD00BFB4000020BB
:105D500080B483B000AF786039607B689B6823F4BF
:105D60007C123B681A437B689A6000BF0C37BD46C3
:105D70005DF8047B704780B483B000AF7860396011
:105D80007B689B6823F0E0723B681A437B689A60EB
:105D900000BF0C37BD465DF8047B704780B483B00C
:105DA00000AF78607B689B6803F0E07318460C379F
:105DB000BD465DF8047B704780B483B000AF786067
:105DC0007B68DB6803F0180318460C37BD465DF8A6
:105DD000047B704780B487B000AFF860B9607A6028
:105DE0003B60FB6860331A46BB689B0013447B61D1
:105DF0007B691A68084B13407A6802F0F8413A68E8
:105E00000A43134343F000427B691A6000BF1C370A
:105E1000BD465DF8047B704700F0FF0380B485B099
:105E200000AF786039607B6860331A463B689B003E
:105E30001344FB60FB681B6803F0F84318461437F3
:105E4000BD465DF8047B704780B487B000AFF86052
:105E5000B9607A60FB6860331A46BB689B001344E4
:105E60007B617B691B6823F000427B681A437B6976
:105E70001A6000BF1C37BD465DF8047B704780B4D4
:105E800083B000AF786039607B685B6923F00042C3
:105E90003B681A437B685A6100BF0C37BD465DF80A
:105EA000047B704780B483B000AF78607B68DB68A8
:105EB00003F44063002B01D1012300E000231846C6
:105EC0000C37BD465DF8047B704780B487B000AFE7
:105ED000F860B9607A60FB6830331A46BB681B0A09
:105EE0009B0003F00C0313447B617B691A68BB6859
:105EF00003F01F031F2101FA03F3DB431A407B6801
:105F00009B0E03F01F01BB6803F01F0301FA03F3AC
:105F10001A437B691A6000BF1C37BD465DF8047BDD
:105F2000704780B487B000AFF860B9607A60FB68F2
:105F300014331A46BB685B0E9B0003F00403134442
:105F40007B617B691A68BB681B0D03F01F03072187
:105F500001FA03F3DB431A40BB681B0D03F01F0378
:105F6000796801FA03F31A437B691A6000BF1C3792
:105F7000BD465DF8047B704780B485B000AFF86023
:105F8000B9607A60FB68D3F8B020BB68C3F3120332
:105F9000DB431A407B6803F018030849D940BB680B
:105FA0000B40C3F312031A43FB68C3F8B02000BFD1
:105FB0001437BD465DF8047B704700BFFFFF070044
:105FC00080B483B000AF78607B689B6803F01F03E8
:105FD00018460C37BD465DF8047B704780B483B02B
:105FE00000AF78607B689B6803F4604318460C3709
:105FF000BD465DF8047B704780B483B000AF786025
:106000007B689B6823F0204323F03F037A6893600A
:1060100000BF0C37BD465DF8047B704780B483B089
:1060200000AF78607B689B6803F00053B3F1005FBA
:1060300001D1012300E0002318460C37BD465DF86E
:10604000047B704780B483B000AF78607B689B6846
:1060500023F0104323F03F0343F080527B689A60A3
:1060600000BF0C37BD465DF8047B704780B483B039
:1060700000AF78607B689B6803F08053B3F1805F6A
:1060800001D1012300E0002318460C37BD465DF81E
:10609000047B704780B483B000AF78607B689B68F6
:1060A00023F0004323F03F0343F001027B689A6032
:1060B00000BF0C37BD465DF8047B704780B483B0E9
:1060C00000AF78607B689B6823F0004323F03F03B8
:1060D00043F002027B689A6000BF0C37BD465DF852
:1060E000047B704780B483B000AF78607B689B68A6
:1060F00003F00103012B01D1012300E00023184626
:106100000C37BD465DF8047B704780B483B000AFA8
:1061100078607B689B6803F00203022B01D10123A6
:1061200000E0002318460C37BD465DF8047B70473D
:1061300080B483B000AF78607B689B6823F0004335
:1061400023F03F0343F004027B689A6000BF0C37E2
:10615000BD465DF8047B704780B483B000AF7860C3
:106160007B689B6823F0004323F03F0343F0100259
:106170007B689A6000BF0C37BD465DF8047B7047B2
:1061800080B483B000AF78607B689B6803F0040341
:10619000042B01D1012300E0002318460C37BD4633
:1061A0005DF8047B704780B483B000AF78607B6893
:1061B0009B6823F0004323F03F0343F020027B68F9
:1061C0009A6000BF0C37BD465DF8047B704780B411
:1061D00083B000AF78607B689B6803F00803082BEE
:1061E00001D1012300E0002318460C37BD465DF8BD
:1061F000047B704790B589B000AF78600023FB77CF
:106200000023FB607B68002B01D101235FE37B68E7
:106210001B688E4A93420ED07B681B688C4A93425F
:1062200009D07B681B688B4A934204D040F29911D5
:106230008948FEF743FB7B685B68B3F5803F49D034
:106240007B685B68B3F5003F44D07B685B68B3F55F
:10625000403F3FD07B685B68002B3BD07B685B682E
:10626000B3F5802F36D07B685B68B3F5002F31D053
:106270007B685B68B3F5402F2CD07B685B68B3F517
:10628000801F27D07B685B68B3F5A01F22D07B6896
:106290005B68B3F5C01F1DD07B685B68B3F5E01F7A
:1062A00018D07B685B68B3F5001F13D07B685B6810
:1062B000B3F5101F0ED07B685B68B3F5201F09D0C3
:1062C0007B685B68B3F5301F04D04FF4CD71624832
:1062D000FEF7F4FA7B689B68002B10D07B689B6804
:1062E000082B0CD07B689B68102B08D07B689B68C0
:1062F000182B04D040F29B115748FEF7DFFA7B6859
:10630000DB6C002B08D07B68DB6C042B04D040F2E4
:106310009D115148FEF7D2FA7B68DB68002B08D04C
:106320007B68DB68202B04D040F29F114A48FEF7BF
:10633000C5FA7B681B69002B08D07B681B69012BA1
:1063400004D04FF4D0714448FEF7B8FA7B685B7E06
:10635000002B08D07B685B7E012B04D040F2A1119A
:106360003D48FEF7ABFA7B68DB6A002B13D07B68F5
:10637000DB6AB3F5806F0ED07B68DB6AB3F5006F24
:1063800009D07B68DB6AB3F5406F04D04FF4D1715C
:106390003148FEF793FA7B689B6AB3F5806F5DD056
:1063A0007B689B6AB3F5886F58D07B689B6AB3F5AE
:1063B000906F53D07B689B6AB3F5986F4ED07B6823
:1063C0009B6AB3F5A06F49D07B689B6AB3F5A86F51
:1063D00044D07B689B6AB3F5B06F3FD07B689B6A03
:1063E000B3F5B86F3AD07B689B6AB3F5C06F35D010
:1063F0007B689B6AB3F5C86F30D07B689B6AB3F546
:10640000D06F2BD07B689B6AB3F5D86F26D07B68A2
:106410009B6AB3F5E06F21D07B689B6AB3F5E86FA8
:106420001CD07B689B6AB3F5F06F17D07B689B6AC2
:10643000B3F5F86F12D07B689B6A002B0ED040F248
:10644000A3110548FEF73AFA08E000BF0000045027
:106450000001045000020450787801087B6893F82A
:106460003030002B09D07B6893F83030012B04D0FA
:106470004FF4D2715648FEF721FA7B685B69042B12
:1064800008D07B685B69082B04D040F2A511504806
:10649000FEF714FA7B685B6B002B09D07B685B6BA3
:1064A000B3F5805F04D04FF4D3714948FEF706FA84
:1064B0007B681B7E002B08D07B681B7E012B04D0E1
:1064C00040F2A7114248FEF7F9F97B6893F838309B
:1064D000002B09D07B6893F83830012B04D04FF49F
:1064E000D4713B48FEF7EAF97B681B69002B2DD07D
:1064F0007B68DB69002B03D07B68DB69102B04D938
:106500004FF4D6713248FEF7D9F97B6893F8203002
:10651000002B09D07B6893F82030012B04D040F287
:10652000AD112B48FEF7CAF97B6893F82030012B98
:106530000CD17B685B6A002B03D07B685B6A082BFD
:1065400004D940F2B1112248FEF7B8F97B6893F8FC
:106550002030012B08D17B685B7E012B04D14FF4E6
:10656000DB711B48FEF7AAF97B689B6D002B09D1F4
:106570007868FBF771FF7B680022DA657B68002290
:1065800083F854207B681B681846FFF747FD0346D5
:10659000002B04D07B681B681846FFF72DFD7B6835
:1065A0001B681846FFF762FD0346002B1CD17B6871
:1065B0001B681846FFF746FD064B1B689B09064AF9
:1065C000A2FB03239B0901335B00FB6009E000BFD2
:1065D000787801089C000020632D3E05FB68013B94
:1065E000FB60FB68002BF9D17B681B681846FFF73E
:1065F0003DFD0346002B0DD17B689B6D43F01002DF
:106600007B689A657B68DB6D43F001027B68DA6525
:106610000123FB777B681B681846FFF7B1FD7861A3
:106620007B689B6D03F01003002B40F047817B6972
:10663000002B40F043817B689B6D23F4817343F012
:1066400002027B689A657B681B681846FFF74AFD63
:106650000346002B15D19348FFF744FD04469248AA
:10666000FFF740FD03461C439048FFF73BFD034600
:106670002343002B05D17B685B6819468C48FFF7E4
:1066800067FB7B685B7E5A037B685B6B1A437B68A6
:10669000DB681A437B689B681A437B6893F8203059
:1066A0001B041343BB617B6893F82030012B06D198
:1066B0007B685B6A013B5B04BA691343BB617B681F
:1066C0009B6A002B09D07B689B6A03F470727B681D
:1066D000DB6A1343BA691343BB617B681B68DA68E2
:1066E000744B13407A681268B9690B43D3607B68B6
:1066F0001B681846FFF76BFD38617B69002B40F083
:10670000AF803B69002B40F0AB807B68DA6C7B6824
:106710001B7E9B031A437B6893F830305B00134366
:10672000BB617B681B68DB6823F4804323F00603AE
:106730007A681268B9690B43D3607B6893F8383084
:10674000012B40F085807B68DB6B002B20D07B68C1
:10675000DB6B042B1CD07B68DB6B082B18D07B68B1
:10676000DB6B0C2B14D07B68DB6B102B10D07B68A1
:10677000DB6B142B0CD07B68DB6B182B08D07B6891
:10678000DB6B1C2B04D040F266214B48FEF796F8D9
:106790007B681B6C002B25D07B681B6C202B21D0C9
:1067A0007B681B6C402B1DD07B681B6C602B19D049
:1067B0007B681B6C802B15D07B681B6CA02B11D0C9
:1067C0007B681B6CC02B0DD07B681B6CE02B09D049
:1067D0007B681B6CB3F5807F04D040F2672136489C
:1067E000FEF76CF87B685B6C002B09D07B685B6CF8
:1067F000B3F5007F04D04FF41A712F48FEF75EF80E
:106800007B689B6C012B0AD07B689B6C40F2014239
:10681000934204D040F269212748FEF74FF87B6885
:106820001B681B6923F4FF6323F004037A68D16BB0
:106830007A68126C11437A68526C11437A68926CD0
:106840000A431A437B681B6842F001021A6107E0A1
:106850007B681B681A697B681B6822F001021A6159
:106860007B681B69012B0CD17B681B681B6B23F0B9
:106870000F017B68DB695A1E7B681B680A431A6339
:1068800007E07B681B681A6B7B681B6822F00F02AD
:106890001A637B689B6D23F0030343F001027B685E
:1068A0009A6513E0000004500001045000020450F7
:1068B0000003045007C0F0FF787801087B689B6DE7
:1068C00043F010027B689A650123FB77FB7F184633
:1068D0002437BD4690BD00BF90B585B000AF78604D
:1068E0007B68002B01D101232AE17B681B68964A53
:1068F00093420ED07B681B68944A934209D07B6810
:106900001B68934A934204D04FF431719148FDF7CC
:10691000D5FF7B689B6D43F002027B689A6503217B
:10692000786801F09DFA0346FB737B681B68DA68A0
:106930007B681B6842F40012DA60FB7B002B0AD1F3
:10694000786801F0F9FB0346FB73FB7B002B02D157
:106950007B6801229A657B681B685B687A681268AD
:1069600023F4FF6323F0070353607B681B6840F246
:10697000FF721A607B681B689A687B681B6822F04C
:10698000A0429A607B681B689A687B681B6842F02B
:1069900000529A607B681B68DA687B681B6802F0AB
:1069A0008022DA607B681B68DA687B681B6842F0CB
:1069B0000042DA607B681B681B697A68126823F4FE
:1069C000FF6323F0070313617B681B685A697B68C8
:1069D0001B6802F080425A617B681B689A697B6879
:1069E0001B6802F078429A617B681B681A6A7B68B0
:1069F0001B6802F0F0221A627B681B685A6A7B6887
:106A00001B6802F0FF225A627B681B689A6A7B68E7
:106A10001B6802F0FF229A627B681B68196B7B6817
:106A20001A684D4B0B4013637B681B68596B7B687E
:106A30001A684A4B0B4053637B681B68996B7B68F1
:106A40001A68464B0B4093637B681B68DB6B7A6864
:106A5000126823F4FB6323F00703D3637B681B688E
:106A6000196E7B681A683E4B0B4013667B681B6887
:106A7000596E7B681A683A4B0B4053667B681B68FB
:106A8000996E7B681A68364B0B4093667B681B686F
:106A9000D96E7B681A68324B0B40D3667B681B68E3
:106AA000D3F8A0307A681268DB0CDB04C2F8A0309F
:106AB0007B681B68D3F8A4307A681268DB0CDB04AF
:106AC000C2F8A4307B681B68D3F8B0307A681268CB
:106AD000DB0CDB04C2F8B0307B681B68D3F8B42051
:106AE0007B681B6822F07F12C3F8B4201648FFF7BA
:106AF000F9FA04461548FFF7F5FA03461C43144813
:106B0000FFF7F0FA03462343002B08D1154B9A6890
:106B10001449154B13408B607868FBF707FD7B68C1
:106B20000022DA657B6800221A667B6800225A66BA
:106B30007B6800229A657B68002283F85420FB7BE7
:106B400018461437BD4690BD0000045000010450A3
:106B50000002045078780108300882E0200882E0C2
:106B600000F0FF0300030450E01000FE80B586B083
:106B700000AF78606148FFF723FA38617B681B68D3
:106B80005F4A93420ED07B681B685E4A934209D0ED
:106B90007B681B685C4A934204D040F2BC415B486E
:106BA000FDF78CFE7B681B681846FFF7E9FA034681
:106BB000002B40F09C807B6893F85430012B01D16E
:106BC000022397E07B68012283F85420786801F063
:106BD0002DFA0346FB75FB7D002B40F083807B681C
:106BE0009B6D23F4706323F0010343F480727B6890
:106BF0009A657B681B68434A934202D07B681B6896
:106C000000E03F4B7A681268934202D03B69002B48
:106C100005D17B689B6D23F480127B689A657B6845
:106C20009B6D03F48053B3F5805F06D17B68DB6D09
:106C300023F006027B68DA6502E07B680022DA65F1
:106C40007B681B681C221A607B68002283F8542032
:106C50007B681B682B4A934202D07B681B6800E06C
:106C6000274B7A681268934208D03B69002B05D005
:106C70003B69052B02D03B69092B14D17B681B684B
:106C8000DB6803F00073002B07D07B689B6D23F457
:106C9000405343F480527B689A657B681B681846B2
:106CA000FFF746FA25E07B689B6D43F480127B6812
:106CB0009A657B681B68134A934202D07B681B6805
:106CC00000E00F4BFB60FB68DB6803F00073002BF8
:106CD0000FD07B689B6D23F4405343F480527B6854
:106CE0009A6506E07B68002283F8542001E00223C5
:106CF000FB75FB7D18461837BD4680BD0003045068
:106D0000000004500001045000020450787801088B
:106D100080B584B000AF78607B681B68204A9342DE
:106D20000ED07B681B681F4A934209D07B681B68A2
:106D30001D4A934204D040F23F511C48FDF7BEFD6E
:106D40007B6893F85430012B01D1022323E07B6848
:106D5000012283F854200321786801F081F803466A
:106D6000FB73FB7B002B11D1786801F0E5F903463A
:106D7000FB73FB7B002B09D17B689B6D23F488534D
:106D800023F0010343F001027B689A657B680022CF
:106D900083F85420FB7B18461037BD4680BD00BFEA
:106DA00000000450000104500002045078780108EB
:106DB00080B588B000AF786039607048FFF700F99F
:106DC00078617B681B686E4A93420ED07B681B68B3
:106DD0006C4A934209D07B681B686B4A934204D08B
:106DE00040F27B516948FDF769FD7B685B69082BC0
:106DF00002D10823FB612AE07B69002B05D07B6967
:106E0000052B02D07B69092B11D17B681B68DB68DD
:106E100003F00103002B07D07B689B6D43F0200239
:106E20007B689A650123A4E00423FB610FE05348CB
:106E3000FFF7D4F80346002B07D07B689B6D43F027
:106E400020027B689A65012393E00423FB61FEF72F
:106E50004FFF386121E03B68B3F1FF3F1DD0FEF7E3
:106E600047FF02463B69D31A3A689A4202D33B680D
:106E7000002B12D17B681B681A68FB691340002B3A
:106E80000BD17B689B6D43F004027B689A657B683D
:106E9000002283F8542003236BE07B681B681A6888
:106EA000FB691340002BD6D07B689B6D43F40072C6
:106EB0007B689A657B681B681846FEF7F3FF0346FC
:106EC000002B1CD07B685B7E002B18D17B681B6875
:106ED0001B6803F00803082B11D17B689B6D23F41A
:106EE00080727B689A657B689B6D03F48053002BEE
:106EF00005D17B689B6D43F001027B689A657B68D6
:106F00001B68204A934202D07B681B6800E01C4B40
:106F10007A681268934208D07B69002B05D07B69A0
:106F2000052B02D07B69092B04D17B681B68DB68C9
:106F3000BB610CE07B681B68124A934202D07B68FD
:106F40001B6800E00E4BFB60FB68DB68BB61FB6904
:106F5000082B04D17B681B6808221A6008E0BB6913
:106F600003F48043002B03D17B681B680C221A605A
:106F7000002318462037BD4680BD00BF00030450E3
:106F80000000045000010450000204507878010809
:106F900080B582B000AF78607B681B680C4A934272
:106FA0000ED07B681B680B4A934209D07B681B6834
:106FB000094A934204D040F6A9010848FDF77EFC37
:106FC0007B681B681B6C18460837BD4680BD00BF38
:106FD00000000450000104500002045078780108B9
:106FE00090B5B7B000AF78603960002387F8D7302C
:106FF0000023FB607B681B68924A93420ED07B683B
:107000001B68914A934209D07B681B688F4A934260
:1070100004D040F697218E48FDF750FC3B685B6832
:10702000062B4FD03B685B680C2B4BD03B685B68F2
:10703000122B47D03B685B68182B43D03B685B68DA
:10704000B3F5807F3ED03B685B68B3F5837F39D072
:107050003B685B68B3F5867F34D03B685B68B3F50B
:10706000897F2FD03B685B68B3F58C7F2AD03B6863
:107070005B68B3F5007F25D03B685B6840F2062271
:1070800093421FD03B685B68B3F5037F1AD03B681F
:107090005B6840F21222934214D03B685B68B3F500
:1070A000067F0FD03B685B68B3F5407F0AD03B6832
:1070B0005B6840F20632934204D040F6982164485F
:1070C000FDF7FCFB3B689B68002B25D03B689B6869
:1070D000B3F1004F20D03B689B68012B1CD03B686C
:1070E0009B68022B18D03B689B68032B14D03B682D
:1070F0009B68042B10D03B689B68052B0CD03B6829
:107100009B68062B08D03B689B68072B04D040F691
:1071100099214F48FDF7D2FB3B68DB687F2B09D0F4
:107120003B68DB684B4A934204D040F69A214848BA
:10713000FDF7C4FB3B681B69042B14D03B681B693B
:10714000002B10D03B681B69012B0CD03B681B69DE
:10715000022B08D03B681B69032B04D040F69B210F
:107160003B48FDF7ABFB3B685C697B681B681846D6
:10717000FEF722FE03469B0840F6FF7222FA03F355
:107180009C4204D940F69C213148FDF797FB3B68AF
:107190001B69042B09D07B6893F83830012B04D18C
:1071A0004FF42A612A48FDF789FB3B68DB68294ACE
:1071B000934200F0C5817B681B68224A934240F0ED
:1071C00093803B681B68244A934200F04B823B68E3
:1071D0001B68224A934200F045823B681B68204AA4
:1071E000934200F03F823B681B681E4A934200F0C6
:1071F00039823B681B681C4A934200F033823B682B
:107200001B681A4A934200F02D823B681B68184A9B
:10721000934200F027823B681B68164A934200F0B5
:1072200021823B681B68144A934200F01B823B6832
:107230001B68124A934200F015823B681B68104A93
:1072400093421FE00000045000010450000204506B
:107250007878010800007F400200300404006008D4
:107260000800900C1000C0102000F01440002019FD
:107270008000501D000180210002B0250004002A7A
:107280000008302E00F0EE813B681B68904A934264
:1072900000F0E8813B681B688E4A934200F0E2816F
:1072A0003B681B688C4A934200F0DC813B681B689A
:1072B0008A4A934200F0D6813B681B68884A934211
:1072C00000F0D0813B681B68864A934200F0CA8177
:1072D0003B681B68844A934200F0C4813B681B688A
:1072E000824A934200F0BE817B681B68804A9342C9
:1072F00077D13B681B687F4A934200F0B3813B68BB
:107300001B687D4A934200F0AD813B681B687B4A55
:10731000934200F0A7813B681B68794A934200F0D2
:10732000A1813B681B68774A934200F09B813B68D0
:107330001B68754A934200F095813B681B68734A4D
:10734000934200F08F813B681B68714A934200F0C2
:1073500089813B681B686F4A934200F083813B68D8
:107360001B686D4A934200F07D813B681B686B4A45
:10737000934200F077813B681B68554A934200F0C6
:1073800071813B681B68534A934200F06B813B68F4
:107390001B68514A934200F065813B681B684F4A65
:1073A000934200F05F813B681B684D4A934200F0B6
:1073B00059813B681B685A4A934200F053813B68ED
:1073C0001B68584A934200F04D813B681B68564A3F
:1073D000934200F047813B681B68544A934200F097
:1073E00041817B681B68524A93426BD13B681B68A2
:1073F000404A934200F036813B681B683E4A934204
:1074000000F030813B681B683C4A934200F02A81BF
:107410003B681B683A4A934200F024813B681B6832
:10742000394A934200F01E813B681B68374A9342F9
:1074300000F018813B681B68354A934200F01281C6
:107440003B681B68334A934200F00C813B681B6821
:10745000314A934200F006813B681B682F4A9342F1
:1074600000F000813B681B68194A934200F0FA80E3
:107470003B681B68174A934200F0F4803B681B6826
:10748000154A934200F0EE803B681B68134A934212
:1074900000F0E8803B681B68134A934200F0E280EA
:1074A0003B681B68114A934200F0DC803B681B6814
:1074B000204A934200F0D6803B681B681E4A9342E4
:1074C00000F0D08040F6A5211C48FDF7F7F9C9E08F
:1074D00000106032002090360040C03A0080F03E3C
:1074E0000000214301000080000052C7000084CB4F
:1074F0000001045002003004040060080800900CF1
:107500001000C0102000F014400020198000501D11
:10751000000180210002B0250004002A0008302E5E
:10752000000052470000844B00005AC700008CCB7B
:10753000000204500040C0BA0080F0BE7878010814
:107540007B681B688D4A934204D07B681B688C4A19
:1075500093424BD13B681B688A4A934200F0828079
:107560003B681B68884A93427CD03B681B68874A0B
:10757000934277D03B681B68854A934272D03B6840
:107580001B68844A93426DD03B681B68824A9342D1
:1075900068D03B681B68814A934263D03B681B6894
:1075A0007F4A93425ED03B681B687E4A934259D023
:1075B0003B681B687C4A934254D03B681B687B4AFB
:1075C00093424FD03B681B68794A93424AD03B684C
:1075D0001B68784A934245D03B681B68764A9342C1
:1075E00040D03B681B68754A93423BD07B681B6860
:1075F000734A934231D13B681B68624A934231D04F
:107600003B681B68604A93422CD03B681B685F4A0A
:10761000934227D03B681B685F4A934222D03B6865
:107620001B685E4A93421DD03B681B685C4A9342CC
:1076300018D03B681B685B4A934213D03B681B68B9
:10764000594A93420ED03B681B68584A934209D06E
:107650003B681B68564A934204D040F6A92159481A
:10766000FDF72CF97B6893F85430012B01D10223EC
:10767000DFE37B68012283F854207B681B6818468F
:10768000FEF77EFD0346002B40F0C0837B68186840
:107690003B6859683B681B681A46FEF716FC7B6816
:1076A0001B681846FEF76CFDC7F8D0007B681B68A6
:1076B0001846FEF78CFDC7F8CC00D7F8D030002B69
:1076C00040F0E881D7F8CC30002B40F0E3813B68F4
:1076D0009B68B3F1004F0FD17B6818683B681B684B
:1076E00000221946FEF71DFC7B681B684FF0004125
:1076F0001846FEF7C4FB0EE07B6818683B68196803
:107700003B689B681A46FEF70CFC7B681B680021EF
:107710001846FEF7B4FB3B685A697B681B68DB6858
:10772000DB0803F003035B0002FA03F3C7F8C83079
:107730003B681B69042B0AD07B6818683B68196991
:107740003B681A68D7F8C830FEF744FBA2E17B68B3
:107750001B6800211846FEF761FB0346C3F31203C2
:10776000002B31D17B681B6800211846FEF756FBC1
:1077700003469B0E03F01F0245E000BF00000450CB
:107780000001045002003004040060080800900C5E
:107790001000C0102000F014400020198000501D7F
:1077A000000180210002B0250004002A0008302ECC
:1077B00000106032002090360040C03A0080F03E59
:1077C00000020450787801087B681B680021184685
:1077D000FEF724FB0346C7F8BC30D7F8BC3093FA59
:1077E000A3F3C7F8C030D7F8C030C7F8B830D7F81F
:1077F000B830002B01D1202304E0D7F8B830B3FA19
:1078000083F3DBB21A463B681B68C3F31203002BF9
:1078100005D13B681B689B0E03F01F0318E03B6813
:107820001B68C7F8B030D7F8B03093FAA3F3C7F8A5
:10783000AC30D7F8AC30C7F8B430D7F8B430002B40
:1078400001D1202304E0D7F8B430B3FA83F3DBB2DC
:107850009A4206D17B681B68002200211846FEF779
:10786000F3FA7B681B6801211846FEF7D7FA034636
:10787000C3F31203002B0AD17B681B680121184651
:10788000FEF7CCFA03469B0E03F01F021EE07B6856
:107890001B6801211846FEF7C1FA0346C7F8A43059
:1078A000D7F8A43093FAA3F3C7F8A030D7F8A030E4
:1078B000C7F8A830D7F8A830002B01D1202304E066
:1078C000D7F8A830B3FA83F3DBB21A463B681B68DB
:1078D000C3F31203002B05D13B681B689B0E03F01A
:1078E0001F0318E03B681B68C7F89830D7F898303A
:1078F00093FAA3F3C7F89430D7F89430C7F89C30C4
:10790000D7F89C30002B01D1202304E0D7F89C301D
:10791000B3FA83F3DBB29A4206D17B681B6800227C
:1079200001211846FEF790FA7B681B680221184671
:10793000FEF774FA0346C3F31203002B0AD17B68E7
:107940001B6802211846FEF769FA03469B0E03F0F6
:107950001F021EE07B681B6802211846FEF75EFAD4
:107960000346C7F88C30D7F88C3093FAA3F3C7F8E6
:107970008830D7F88830C7F89030D7F89030002B8F
:1079800001D1202304E0D7F89030B3FA83F3DBB2BF
:107990001A463B681B68C3F31203002B05D13B68F2
:1079A0001B689B0E03F01F0316E03B681B68C7F8BB
:1079B0008030D7F8803093FAA3F3FB67FB6FC7F8EA
:1079C0008430D7F88430002B01D1202304E0D7F88D
:1079D0008430B3FA83F3DBB29A4206D17B681B682A
:1079E000002202211846FEF72FFA7B681B6803214C
:1079F0001846FEF713FA0346C3F31203002B0AD10D
:107A00007B681B6803211846FEF708FA03469B0EA5
:107A100003F01F0217E07B681B6803211846FEF77E
:107A2000FDF903467B677B6F93FAA3F33B673B6FDC
:107A3000BB67BB6F002B01D1202303E0BB6FB3FA00
:107A400083F3DBB21A463B681B68C3F31203002BB7
:107A500005D13B681B689B0E03F01F0311E03B68D8
:107A60001B68BB66BB6E93FAA3F37B667B6EFB66FB
:107A7000FB6E002B01D1202303E0FB6EB3FA83F3EE
:107A8000DBB29A4206D17B681B68002203211846AC
:107A9000FEF7DAF97B681B681846FEF723FB0346FE
:107AA000002B40F03F817B6818683B6819683B6891
:107AB000DB681A46FEF760FA3B68DB688E4A934241
:107AC00040F030817B6818683B681B68C3F3120381
:107AD000002B0BD13B681B689B0E013303F01F0387
:107AE000092B94BF01230023DBB219E03B681B681C
:107AF000FB65FB6D93FAA3F3BB65BB6D3B663B6E09
:107B0000002B01D1202303E03B6EB3FA83F3DBB2F9
:107B1000013303F01F03092B94BF01230023DBB2C1
:107B2000002B79D03B681B68C3F31203002B07D1ED
:107B30003B681B689B0E01339B0603F0F84215E07F
:107B40003B681B683B653B6D93FAA3F3FB64FB6CDE
:107B50007B657B6D002B01D1202303E07B6DB3FAA5
:107B600083F3DBB201339B0603F0F8423B681B68EA
:107B7000C3F31203002B09D13B681B689B0E013332
:107B800003F01F03012101FA03F317E03B681B68B0
:107B90007B647B6C93FAA3F33B643B6CBB64BB6C70
:107BA000002B01D1202303E0BB6CB3FA83F3DBB2DB
:107BB000013303F01F03012101FA03F342EA030139
:107BC0003B681B68C3F31203002B0AD13B681B6898
:107BD0009B0E013303F01F0213465B0013441B0589
:107BE00018E03B681B68BB63BB6B93FAA3F37B6332
:107BF0007B6BFB63FB6B002B01D1202303E0FB6B52
:107C0000B3FA83F3DBB2013303F01F0213465B00C8
:107C100013441B050B4380E03B681B68C3F312034E
:107C2000002B07D13B681B689B0E01339B0603F0BA
:107C3000F84215E03B681B68FB62FB6A93FAA3F30A
:107C4000BB62BB6A3B633B6B002B01D1202303E08B
:107C50003B6BB3FA83F3DBB201339B0603F0F842CC
:107C60003B681B68C3F31203002B09D13B681B68F8
:107C70009B0E013303F01F03012101FA03F317E008
:107C80003B681B683B623B6A93FAA3F3FB61FB69A9
:107C90007B627B6A002B01D1202303E07B6AB3FA6D
:107CA00083F3DBB2013303F01F03012101FA03F375
:107CB00042EA03013B681B68C3F31203002B0DD19A
:107CC0003B681B689B0E013303F01F0213465B00E9
:107CD00013441E3B1B0543F000731DE03B681B680B
:107CE0007B617B6993FAA3F33B613B69BB61BB6931
:107CF000002B03D1202305E000007F40BB69B3FACD
:107D000083F3DBB2013303F01F0213465B0013441D
:107D10001E3B1B0543F000730B433A6892681946FB
:107D2000FEF7FFF83B681A68444B1340002B7AD0EB
:107D30004348FEF733F8C7F8C4003B681B68414A64
:107D400093422CD1D7F8C43003F40003002B26D182
:107D50007B681B683C4A934204D07B681B683B4AA3
:107D600093425DD1D7F8C43043F400031946344838
:107D7000FEF701F8364B1B689B09364AA2FB03232A
:107D80009B095A1C13465B0013449B00FB6002E0F6
:107D9000FB68013BFB60FB68002BF9D140E03B68CE
:107DA0001B682D4A934218D1D7F8C43003F0807372
:107DB000002B12D17B681B68234A934204D07B6856
:107DC0001B68224A93422DD1D7F8C43043F0807308
:107DD00019461B48FDF7CFFF24E03B681B681F4A8C
:107DE000934220D1D7F8C43003F48003002B1AD17A
:107DF0007B681B68144A934215D1D7F8C43043F40A
:107E0000800319460E48FDF7B6FF0CE07B689B6DBA
:107E100043F020027B689A65012387F8D73002E09F
:107E200000BF00E000BF7B68002283F8542097F871
:107E3000D7301846DC37BD4690BD00BF0000088033
:107E400000030450000052C7000004500002045018
:107E50009C000020632D3E05000084CB01000080C3
:107E600080B588B000AF786039600023FB613B6863
:107E7000BB617B681B68684A93420ED07B681B68B5
:107E8000664A934209D07B681B68654A934204D0D6
:107E900040F6CE416348FCF711FD3B68012B0AD048
:107EA0003B68022B07D03B68032B04D040F6CF4140
:107EB0005C48FCF703FD7B681B681846FEF760F919
:107EC00038617B681B681846FEF781F9F8603B69EA
:107ED000002B03D1FB68002B00F098807B681B68A7
:107EE000DB6803F00073002B2AD07B685B7E012BDC
:107EF00026D17B681B7E012B22D10123BB6114E0BC
:107F0000FB69494A93420DD97B689B6D43F010028F
:107F10007B689A657B68DB6D43F001027B68DA65FC
:107F2000012374E0FB690133FB617B681B681B68FC
:107F300003F04003402BE3D17B681B6840221A60AA
:107F4000BB69022B14D07B681B681846FEF718F932
:107F50000346002B0CD07B681B681846FEF7D5F84B
:107F60000346002B04D17B681B681846FEF7F4F823
:107F7000BB69012B14D07B681B681846FEF727F9F4
:107F80000346002B0CD07B681B681846FEF7BDF833
:107F90000346002B04D17B681B681846FEF703F9E3
:107FA000BB69022B05D0BB69032B05D10C237B6178
:107FB00005E008237B6102E004237B6100BFFDF73D
:107FC00097FEB8601BE0FDF793FE0246BB68D31A2C
:107FD000052B14D97B681B689A687B691340002BBA
:107FE0000DD07B689B6D43F010027B689A657B68BF
:107FF000DB6D43F001027B68DA65012307E07B68F3
:108000001B689A687B691340002BDCD1002318465B
:108010002037BD4680BD00BF000004500001045061
:108020000002045078780108FFFF3FA380B584B0B8
:1080300000AF78600023BB607B681B681846FEF7C2
:1080400051F80346002B69D17B681B689A68364B50
:108050001340002B0DD07B689B6D43F010027B68B2
:108060009A657B68DB6D43F001027B68DA6501236A
:1080700055E07B681B681846FEF70CF82B48FDF7A7
:108080008DFE034603F40003002B13D0284B1B681E
:108090009B09284AA2FB03239B095A1C13465B0039
:1080A00013449B00BB6002E0BB68013BBB60BB6844
:1080B000002BF9D1FDF71CFEF86028E07B681B68F7
:1080C0001846FEF70FF80346002B04D17B681B68A7
:1080D0001846FDF7DFFFFDF70BFE0246FB68D31ADB
:1080E000022B14D97B681B681B6803F00103012B6A
:1080F0000DD07B689B6D43F010027B689A657B68AE
:10810000DB6D43F001027B68DA65012307E07B68E1
:108110001B681B6803F00103012BCFD10023184615
:108120001037BD4680BD00BF3F00008000030450F3
:108130009C000020632D3E0580B584B000AF7860C0
:108140007B681B681846FDF7E0FFF8607B681B68DA
:108150001846FDF7C7FF0346002B47D0FB68002BEE
:1081600044D17B681B689B6803F00D03012B0CD185
:108170007B681B681846FDF7A1FF7B681B6803221C
:108180001A60FDF7B5FDB86029E07B689B6D43F090
:1081900010027B689A657B68DB6D43F001027B68A7
:1081A000DA65012323E0FDF7A3FD0246BB68D31A7D
:1081B000022B14D97B681B689B6803F00103002B1A
:1081C0000DD07B689B6D43F010027B689A657B68DD
:1081D000DB6D43F001027B68DA65012307E07B6811
:1081E0001B689B6803F00103002BDCD100231846B9
:1081F0001037BD4680BD80B483B000AF78607B6827
:108200009B6803F00103012B01D1012300E000234F
:1082100018460C37BD465DF8047B704780B483B0C8
:1082200000AF78607B689B6803F00403042B01D1E6
:10823000012300E0002318460C37BD465DF8047B9F
:108240007047000090B5A1B000AF7860396000239E
:1082500087F87F307B681B68914A934204D040F6D0
:1082600043019048FCF72AFB3B681B68002B20D099
:108270003B681B68012B1CD03B681B68022B18D085
:108280003B681B68032B14D03B681B68052B10D080
:108290003B681B68062B0CD03B681B68072B08D07B
:1082A0003B681B68092B04D040F644017D48FCF76D
:1082B00005FB3B681B68002B52D03B685B68002BBA
:1082C0000ED03B685B68B3F5004F09D03B685B6834
:1082D000B3F5404F04D040F647017248FCF7EEFA80
:1082E0003B689B68002B3BD03B689B68B3F5807F65
:1082F00036D03B689B68B3F5007F31D03B689B6804
:10830000B3F5407F2CD03B689B68B3F5806F27D0D6
:108310003B689B68B3F5A06F22D03B689B68B3F5C0
:10832000C06F1DD03B689B68B3F5E06F18D03B6809
:108330009B68B3F5006F13D03B689B68B3F5106F73
:108340000ED03B689B68B3F5206F09D03B689B68F3
:10835000B3F5306F04D040F648015248FCF7AEFA4E
:108360007B6893F85430012B01D1022393E07B68A2
:10837000012283F8542000237B660023BB667B68C0
:108380001B68474A934202D1474BFB6001E0002340
:10839000FB60FB68002B0BD17B689B6D43F02002D8
:1083A0007B689A657B68002283F85420012372E081
:1083B000FB681846FFF732FFB8677B681B681846F2
:1083C000FFF72CFF0346002B54D1BB6F002B51D17C
:1083D000364B7B673B681B68002B2CD07B6F9B6800
:1083E00023F460423B6859687B6893F830305B0344
:1083F0000B431A437B6F9A602948FFF7FCFE044643
:108400002948FFF7F8FE03461C432948FFF7F3FE0F
:1084100003462343002B37D17B6F9B6823F47163A2
:1084200023F00F033A6811683A6892680A431A43C6
:108430007B6F9A6028E07B6F9B6823F460427B6FC0
:108440009A601748FFF7D7FE04461748FFF7D3FE98
:1084500003461C431648FFF7CEFE03462343002B7A
:1084600012D17B6F9B6823F4716323F00F037A6F43
:10847000936009E07B689B6D43F020027B689A65FE
:10848000012387F87F3000E000BF7B68002283F87B
:10849000542097F87F3018468437BD4690BD00BF02
:1084A00000000450B078010800010450000304509B
:1084B0000002045080B485B000AF78607B6803F0A0
:1084C0000703FB600C4BDB68BB60BA684FF6FF0329
:1084D0001340BB60FB681A02BB68134343F0BF63E1
:1084E00043F40033BB60044ABB68D36000BF143759
:1084F000BD465DF8047B704700ED00E080B400AF3E
:10850000044BDB681B0A03F007031846BD465DF801
:10851000047B704700ED00E080B483B000AF0346F9
:10852000FB7197F90730002B0BDBFB7903F01F027F
:10853000074997F907305B09012000FA02F241F878
:10854000232000BF0C37BD465DF8047B704700BF99
:1085500000E100E080B483B000AF0346FB7197F9FF
:108560000730002B12DBFB7903F01F020A4997F951
:1085700007305B09012000FA02F2203341F8232082
:10858000BFF34F8F00BFBFF36F8F00BF00BF0C372B
:10859000BD465DF8047B704700E100E080B483B025
:1085A00000AF03463960FB7197F90730002B0ADBF7
:1085B0003B68DAB20C4997F907301201D2B20B448A
:1085C00083F800230AE03B68DAB20849FB7903F03C
:1085D0000F03043B1201D2B20B441A7600BF0C37D2
:1085E000BD465DF8047B704700E100E000ED00E06F
:1085F00080B489B000AFF860B9607A60FB6803F0BE
:108600000703FB61FB69C3F10703042B28BF0423A5
:10861000BB61FB690433062B02D9FB69033B00E015
:1086200000237B614FF0FF32BB6902FA03F3DA43A8
:10863000BB681A407B699A404FF0FF317B6901FAB1
:1086400003F3D9437B680B40134318462437BD46D8
:108650005DF8047B7047000080B582B000AF7860A1
:108660007B68013BB3F1807F01D301230FE00A4A0D
:108670007B68013B53600F214FF0FF30FFF78EFF07
:10868000054B00229A60044B07221A60002318460B
:108690000837BD4680BD00BF10E000E080B582B065
:1086A00000AF78607B68072B0FD07B68062B0CD05F
:1086B0007B68052B09D07B68042B06D07B68032BD5
:1086C00003D0A6210448FCF7F9F87868FFF7F2FE1A
:1086D00000BF0837BD4680BDEC78010880B586B084
:1086E00000AF0346B9607A60FB7300237B617B684F
:1086F0000F2B03D9BE210E48FCF7E0F8BB680F2B07
:1087000003D9BF210A48FCF7D9F8FFF7F7FE7861D3
:108710007A68B9687869FFF76BFF024697F90F30FE
:1087200011461846FFF73AFF00BF1837BD4680BD17
:10873000EC78010880B582B000AF0346FB7197F971
:108740000730002B03DAD2210548FCF7B7F897F978
:1087500007301846FFF7E0FE00BF0837BD4680BD72
:10876000EC78010880B582B000AF0346FB7197F941
:108770000730002B03DAE2210548FCF79FF897F950
:1087800007301846FFF7E6FE00BF0837BD4680BD3C
:10879000EC78010880B582B000AF78607868FFF7A8
:1087A0005BFF034618460837BD4680BD80B485B0E0
:1087B00000AF78600023FB737B6893F82530DBB251
:1087C000022B08D07B680422DA637B68002283F8DE
:1087D0002420012322E07B681B681A687B681B68E1
:1087E00022F00E021A607B681B681A687B681B689F
:1087F00022F001021A607B685B6C03F01C027B684C
:108800001B6C012101FA02F25A607B68012283F895
:1088100025207B68002283F82420FB7B1846143730
:10882000BD465DF8047B704780B584B000AF7860CA
:108830000023FB737B6893F82530DBB2022B05D055
:108840007B680422DA630123FB7329E07B681B68E1
:108850001A687B681B6822F00E021A607B681B682E
:108860001A687B681B6822F001021A607B685B6CE7
:1088700003F01C027B681B6C012101FA02F25A60B2
:108880007B68012283F825207B68002283F824205E
:108890007B689B6B002B03D07B689B6B7868984749
:1088A000FB7B18461037BD4680BD000080B586B002
:1088B00000AFF860B960C7E9002300233B61354B86
:1088C0001B78012B01D1022360E0324B01221A7088
:1088D000FB68002B09D0FB68012B06D0FB68022B3C
:1088E00003D0B2212C48FBF7E9FF4CF2503000F0E6
:1088F00089F80346FB75FB7D002B43D1254B0022F5
:108900005A60264B1B6803F48063002B09D0234B6D
:108910001B68224A23F4806313601E4B02221A77DD
:1089200002E01C4B00221A77FB68002B07D1D7E925
:108930000023B86800F0BCF801233B6110E0FB683D
:10894000012B02D0FB68022B0AD13B681946B8689C
:1089500000F024F9FB68022B02D14FF480233B6125
:108960004CF2503000F04EF80346FB753B69002B8B
:1089700006D00A4B5A693B69DB43084913404B61F7
:1089800000F0E0FA034B00221A70FB7D18461837FE
:10899000BD4680BDB80000202879010800200240B3
:1089A00080B483B000AF0023FB710B4B5B69002BDD
:1089B0000BDA094B094A9A60074B094A9A60064B41
:1089C0005B69002B01DA0123FB71FB7918460C3738
:1089D000BD465DF8047B70470020024023016745D7
:1089E000AB89EFCD80B400AF054B5B69044A43F01F
:1089F0000043536100231846BD465DF8047B704771
:108A00000020024080B584B000AF7860FDF770F9B7
:108A1000F8600DE07B68B3F1FF3F09D0FDF768F91E
:108A20000246FB68D31A7A689A4201D8032336E0DB
:108A30001D4B1B6903F48033002BEBD11A4B1A69D1
:108A40004CF2FA331340BB60BB68002B1DD0174BB0
:108A50005A68BB681343154A5360BB68B3F1804F33
:108A600007D3114B9A69BB6803F040430E49134387
:108A70008B61BB6823F04043002B04D00A4ABB68DB
:108A800023F040431361012309E0074B1B6903F006
:108A90000103002B02D0044B01221A610023184667
:108AA0001037BD4680BD00BF00200240B800002046
:108AB00080B584B000AFF860C7E90023FB68B3F16C
:108AC000006F32D32D4B1B88C3F30B03B3F5806FBC
:108AD00004D1FB68B3F1016F27D233E0274B1B8829
:108AE000C3F30B03B3F5007F04D1FB68244A934220
:108AF0001BD827E0214B1B88C3F30B03B3F5807F02
:108B000004D1FB681F4A93420FD81BE01B4B1B8804
:108B1000C3F30B03802B04D1FB681B4A934204D898
:108B200010E0FB68B3F1016F0CD3FB68174A934266
:108B300003D9FB68164A934204D940F2BB21154879
:108B4000FBF7BCFE144B5B69134A43F0010353610E
:108B5000FB683A681A60BFF36F8F00BFD7E9000166
:108B60004FF000024FF000030A000023F9680431BF
:108B700013460B6000BF1037BD4680BDE075FF1F78
:108B8000FFFF0708FFFF0308FFFF0108FF6FFF1F3C
:108B9000FF73FF1F287901080020024080B588B0CC
:108BA00000AF786039604023FB777B68BB613B682E
:108BB0007B617B68B3F1006F32D32F4B1B88C3F30B
:108BC0000B03B3F5806F04D17B68B3F1016F27D23B
:108BD0002BE0294B1B88C3F30B03B3F5007F04D1B3
:108BE0007B68264A93421BD81FE0234B1B88C3F3A4
:108BF0000B03B3F5807F04D17B68214A93420FD8E1
:108C000013E01D4B1B88C3F30B03802B04D17B683F
:108C10001C4A934204D808E07B68B3F1016F04D387
:108C200040F2D9211848FBF749FE184B5B69174AF7
:108C300043F480235361EFF31083FB60FB683B61D7
:108C400072B600BF7B691A68BB691A60BB690433DE
:108C5000BB617B6904337B61FB7F013BFB77FB7F5F
:108C6000002BEFD13B69BB60BB6883F3108800BF6A
:108C700000BF2037BD4680BDE075FF1FFFFF07081E
:108C8000FFFF0308FFFF01082879010800200240C8
:108C900080B584B000AF786039604F4B1B78012BF2
:108CA00001D1022393E04C4B01221A707B681B68B0
:108CB000002B07D07B681B68012B03D08621474817
:108CC000FBF7FCFD4CF25030FFF79CFE0346FB73B4
:108CD000FB7B002B77D1404B00225A60404B1B6836
:108CE00003F40073002B13D03D4B1B6803F4806327
:108CF000002B09D03A4B1B68394A23F48063136078
:108D0000354B03221A7716E0334B01221A7712E013
:108D1000334B1B6803F48063002B09D0304B1B6876
:108D20002F4A23F4806313602B4B02221A7702E050
:108D3000294B00221A777B681B68012B13D17B68B3
:108D40005B68184600F04EF84CF25030FFF75AFEC0
:108D50000346FB73224B5B69214A23F4004323F053
:108D6000040353612DE03B684FF0FF321A607B68CB
:108D70009B68BB601DE07B685B681946B86800F0C3
:108D800067F84CF25030FFF73DFE0346FB73144B7F
:108D90005B69134A23F4FF6323F002035361FB7BF7
:108DA000002B03D03B68BA681A600AE0BB68013345
:108DB000BB607B689A687B68DB681344BA689A4238
:108DC000D9D300F0BFF8044B00221A70FB7B184681
:108DD0001037BD4680BD00BFB8000020647901088F
:108DE0000020024080B582B000AF78607B68012B24
:108DF0000AD07B68022B07D07B68032B04D040F29B
:108E0000FF111148FBF75AFD7B6803F00103002BAB
:108E100005D00E4B5B690D4A43F0040353617B6838
:108E200003F00203002B05D0084B5B69074A43F4AB
:108E300000435361054B5B69044A43F4803353613B
:108E400000BF0837BD4680BD64790108002002409C
:108E500080B582B000AF78603960374B1B88C3F3B0
:108E60000B03B3F5806F06D17B68FF2B94BF012302
:108E70000023DBB221E0304B1B88C3F30B03B3F5B7
:108E8000007F06D17B687F2B94BF01230023DBB2D8
:108E900013E0294B1B88C3F30B03B3F5807F06D186
:108EA0007B683F2B94BF01230023DBB205E07B6886
:108EB000FF2B94BF01230023DBB2002B04D140F22F
:108EC0002A211E48FBF7FAFC3B68012B07D03B68C0
:108ED000022B04D04FF40E711848FBF7EFFC3B68EF
:108EE00003F00103002B06D0154B5B69144A23F4F1
:108EF0000063536105E0124B5B69114A43F4006360
:108F000053610F4B5B6923F4FF627B68DB0003F462
:108F1000FF630B4913434B61094B5B69084A43F0FC
:108F200002035361064B5B69054A43F48033536186
:108F300000BF0837BD4680BDE075FF1F647901089A
:108F40000020024080B483B000AF214B1B7FFB7137
:108F5000FB79012B02D0FB79032B17D11D4B1B682A
:108F60001C4A23F4007313601A4B1B68194A43F41C
:108F700000631360174B1B68164A23F400631360E9
:108F8000144B1B68134A43F400731360FB79022BE4
:108F900002D0FB79032B11D10E4B1B680D4A43F411
:108FA000805313600B4B1B680A4A23F480531360F1
:108FB000084B1B68074A43F480631360044B00228C
:108FC0001A7700BF0C37BD465DF8047B704700BFC1
:108FD000B80000200020024080B586B000AF786065
:108FE000396000237B617B68B3F1904F23D07B68AD
:108FF0003E4A93421FD07B683D4A93421BD07B6818
:109000003C4A934217D07B683B4A934213D07B681B
:109010003A4A93420FD07B68394A93420BD07B681F
:10902000384A934207D07B68374A934203D0AA213B
:109030003648FBF743FC3B681B689BB2002B04D00F
:109040003B681B68B3F5803F03D3AB212F48FBF788
:1090500035FC3B685B68002B00F02B823B685B684B
:10906000012B00F026823B685B68112B00F0218207
:109070003B685B68022B00F01C823B685B68122B2C
:1090800000F017823B685B68B3F5881F00F011821F
:109090003B685B68B3F5041F00F00B823B685B68BC
:1090A000B3F5441F00F005823B685B68B3F5901F81
:1090B00000F0FF813B685B68B3F5081F00F0F981A1
:1090C0003B685B68B3F5481F00F0F3813B685B6861
:1090D000032B00F0EE813B685B680B2B00F0E9810D
:1090E000AC210A48FBF7EAFBE3E100BF00040048BB
:1090F00000080048000C0048001000480014004818
:1091000000180048001C004800200048A47901080D
:109110003B681A6801217B6901FA03F31340FB6085
:10912000FB68002B00F0C2813B685B6803F003031F
:10913000012B05D03B685B6803F00303022B44D18D
:109140003B68DB68002B0FD03B68DB68012B0BD042
:109150003B68DB68022B07D03B68DB68032B03D03E
:10916000BB219548FBF7AAFB7B689B683B617B6949
:109170005B00032202FA03F3DB433A6913403B61CD
:109180003B68DA687B695B0002FA03F33A691343D0
:109190003B617B683A699A607B685B683B6101224E
:1091A0007B6902FA03F3DB433A6913403B613B6896
:1091B0005B681B0903F001027B6902FA03F33A6959
:1091C00013433B617B683A695A603B685B6803F014
:1091D0000303032B27D03B689B68002B0BD03B6815
:1091E0009B68012B07D03B689B68022B03D0DC21D6
:1091F0007148FBF763FB7B68DB683B617B695B0065
:10920000032202FA03F3DB433A6913403B613B68F4
:109210009A687B695B0002FA03F33A6913433B6186
:109220007B683A69DA603B685B6803F00303022BF2
:1092300053D17B68B3F1904F23D07B685F4A934250
:109240001FD07B685E4A93421BD07B685D4A934285
:1092500017D07B685C4A934213D07B685B4A934289
:109260000FD07B685A4A93420BD07B68594A93428D
:1092700007D07B68584A934203D0E8214E48FBF759
:109280001DFB3B681B690F2B03D9E9214A48FBF7FB
:1092900015FB7B69DA087B68083253F822303B61A2
:1092A0007B6903F007039B000F2202FA03F3DB4301
:1092B0003A6913403B613B681A697B6903F0070315
:1092C0009B0002FA03F33A6913433B617B69DA08B6
:1092D0007B680832396943F822107B681B683B6160
:1092E0007B695B00032202FA03F3DB433A69134014
:1092F0003B613B685B6803F003027B695B0002FA39
:1093000003F33A6913433B617B683A691A603B682F
:109310005B6803F44033002B00F0C8802F4B1B6EBA
:109320002E4A43F0010313662C4B1B6E03F001031E
:10933000BB60BB682A4A7B699B08023352F8233022
:109340003B617B6903F003039B000F2202FA03F3E6
:10935000DB433A6913403B617B68B3F1904F41D0E6
:109360007B68164A934225D07B68154A93421FD0EA
:109370007B68144A934219D07B68134A934213D0F6
:109380007B68124A93420DD07B68114A934207D002
:109390007B68104A934201D1072324E0082322E08E
:1093A000062320E005231EE004231CE003231AE02B
:1093B000022318E0012316E0A47901080004004804
:1093C00000080048000C0048001000480014004845
:1093D00000180048001C004800200048001002400F
:1093E0000000014000237A6902F0030292009340DA
:1093F0003A6913433B6135497B699B0802333A69FB
:1094000041F82320324B9B683B61FB68DB433A69A0
:1094100013403B613B685B6803F48013002B03D06F
:109420003A69FB6813433B61294A3B699360284BC7
:10943000DB683B61FB68DB433A6913403B613B6897
:109440005B6803F40013002B03D03A69FB681343F5
:109450003B611F4A3B69D3601D4B5B683B61FB6806
:10946000DB433A6913403B613B685B6803F40033BC
:10947000002B03D03A69FB6813433B61144A3B69F4
:109480005360134B1B683B61FB68DB433A69134035
:109490003B613B685B6803F48033002B03D03A697F
:1094A000FB6813433B610A4A3B6913607B690133E4
:1094B0007B613B681A687B6922FA03F3002B7FF417
:1094C00027AE00BF00BF1837BD4680BD0000014079
:1094D0000004014080B586B000AF78603960002399
:1094E0007B617B68B3F1904F24D07B68844A9342C0
:1094F00020D07B68834A93421CD07B68824A934287
:1095000018D07B68814A934214D07B68804A93428A
:1095100010D07B687F4A93420CD07B687E4A93428E
:1095200008D07B687D4A934204D04FF49D717C48FB
:10953000FBF7C4F93B689BB2002B04D03B68B3F542
:10954000803FC0F0D08040F23B117548FBF7B6F980
:10955000C9E001227B6902FA03F33A6813403B61D8
:109560003B69002B00F0BC806E4A7B699B0802338C
:1095700052F82330FB607B6903F003039B000F224A
:1095800002FA03F3FA681340FB607B68B3F1904F73
:109590002BD07B685A4A934225D07B68594A934224
:1095A0001FD07B68584A934219D07B68574A934230
:1095B00013D07B68564A93420DD07B68554A93423C
:1095C00007D07B68544A934201D107230EE0082359
:1095D0000CE006230AE0052308E0042306E0032349
:1095E00004E0022302E0012300E000237A6902F094
:1095F000030292009340FA689A4232D14A4B1A68A9
:109600003B69DB43484913400B60474B5A683B6951
:10961000DB43454913404B60434BDA683B69DB430E
:1096200041491340CB60404B9A683B69DB433E495C
:1096300013408B607B6903F003039B000F2202FA47
:1096400003F3FB60374A7B699B08023352F823100F
:10965000FB68DA4333487B699B080A40023340F8D1
:1096600023207B681A687B695B00032101FA03F3FE
:109670001A437B681A607B69DA087B68083253F802
:1096800022107B6903F007039B000F2202FA03F309
:10969000DB437A69D20819407B68083243F822100C
:1096A0007B689A687B695B00032101FA03F3DB4363
:1096B0001A407B689A607B685A6801217B6901FACD
:1096C00003F3DB431A407B685A607B68DA687B6986
:1096D0005B00032101FA03F3DB431A407B68DA6085
:1096E0007B6901337B613A687B6922FA03F3002BC3
:1096F0007FF42FAF00BF00BF1837BD4680BD00BF4D
:109700000004004800080048000C00480010004811
:109710000014004800180048001C004800200048C1
:10972000A4790108000001400004014080B584B024
:1097300000AF78600B467B807B88002B04D14FF410
:10974000C7710948FBF7BAF87B681A697B88134030
:10975000002B02D00123FB7301E00023FB73FB7B92
:1097600018461037BD4680BDA479010880B582B087
:1097700000AF78600B467B8013467B707B88002BA4
:1097800004D14FF4D7710E48FBF798F87B78002B83
:1097900007D07B78012B04D040F2AF110848FBF7CB
:1097A0008DF87B78002B03D07A887B689A6102E081
:1097B0007A887B689A6200BF0837BD4680BD00BFCB
:1097C000A479010880B584B000AF78607B68002B75
:1097D00001D101237EE07B681B68404A934203D09D
:1097E000B6213F48FBF76AF87B685B68002B1BD00B
:1097F0007B685B68012B17D07B685B68022B13D0FA
:109800007B685B68032B0FD07B685B68042B0BD0F5
:109810007B685B68052B07D07B685B68062B03D0F1
:10982000B7212F48FBF74AF87B689B68B3F5805F48
:1098300003D3B8212A48FBF741F87B68DB68B3F50E
:10984000805F03D3B9212648FBF738F87B681B6893
:109850004CF6CC421A607B681B6845F255521A6080
:109860007B681B687A6852685A607B681B687A68F4
:1098700092689A60FCF73CFAF86011E0FCF738FA5D
:109880000246FB68D31A41F60102934208D97B686D
:109890001B68DB6803F00703002B01D0032319E0EA
:1098A0007B681B68DB6803F00703002BE6D17B684D
:1098B0001B681A697B68DB689A4205D07B681B6865
:1098C0007A68D2681A6104E07B681B684AF6AA22AB
:1098D0001A60002318461037BD4680BD0030004096
:1098E000E079010880B483B000AF78607B681B68C2
:1098F0004AF6AA221A60002318460C37BD465DF8C6
:10990000047B704780B586B002AF78607B68002B1F
:1099100001D101230AE17B681B68B3F1A04F03D09A
:109920008E218448FAF7CAFF7B6893F89534DBB23E
:10993000002B06D17B68002283F8942478680DF010
:1099400071FA7B68032283F895247B6800229A7160
:109950007B681B68184609F0ACFB7B6818687B685D
:109960001A7C8DF8002004330ECB09F0C7FA0346A9
:10997000002B05D07B68022283F895240123D5E0D3
:109980007B681B680021184609F0A4FB0346002BE6
:1099900005D07B68022283F895240123C6E00023CA
:1099A000FB734AE0FA7B79681346DB0013449B00A3
:1099B0000B44153301221A70FA7B79681346DB00D9
:1099C00013449B000B441433FA7B1A70FA7BFB7B25
:1099D00098B279681346DB0013449B000B442E3386
:1099E00002461A80FA7B79681346DB0013449B0019
:1099F0000B44183300221A70FA7B79681346DB0097
:109A000013449B000B441C3300221A60FA7B7968D4
:109A10001346DB0013449B000B44203300221A60E2
:109A2000FA7B79681346DB0013449B000B44243314
:109A300000221A60FB7B0133FB737B681B79FA7B86
:109A40009A42AFD30023FB7344E0FA7B7968134654
:109A5000DB0013449B000B4403F2552300221A70D1
:109A6000FA7B79681346DB0013449B000B4403F533
:109A70001573FA7B1A70FA7B79681346DB0013447E
:109A80009B000B4403F5167300221A70FA7B796869
:109A90001346DB0013449B000B4403F517730022AD
:109AA0001A60FA7B79681346DB0013449B000B4471
:109AB00003F5187300221A60FA7B79681346DB00FD
:109AC00013449B000B4403F5197300221A60FB7BBF
:109AD0000133FB737B681B79FA7B9A42B5D37B68B1
:109AE00018687B681A7C8DF8002004330ECB09F0CF
:109AF0003DFB0346002B05D07B68022283F89524AA
:109B0000012313E07B6800225A747B68012283F8EA
:109B100095247B681B7B012B02D1786801F0C8F883
:109B20007B681B6818460AF043FB00231846103771
:109B3000BD4680BD1C7A010880B582B000AF786058
:109B40007B68002B01D1012315E07B68032283F899
:109B500095247B681B6818460AF094FA0346002B8C
:109B600001D0012307E078680DF0DEF97B68002260
:109B700083F89524002318460837BD4680BD80B57C
:109B800084B000AF78607B681B68FB607B6893F8EB
:109B90009434012B01D102231CE07B68012283F85D
:109BA00094247B685B7B012B05D1FB689B6B43F4A2
:109BB0008032FB689A637B681B68184609F068FA74
:109BC0007B681B6818460AF0D2FA7B68002283F88B
:109BD0009424002318461037BD4680BD80B584B05C
:109BE00000AF78607B681B68FB607B6893F89434F7
:109BF000012B01D1022322E07B68012283F8942407
:109C00007B681B68184609F054FA7B681B68184685
:109C10000AF0CEFA7B681B681021184609F0EEFBAB
:109C20007B685B7B012B05D1FB689B6B23F4803247
:109C3000FB689A637B68002283F89424002318460B
:109C40001037BD4680BD90B58DB000AF78607B68A1
:109C50001B683B623B6AFB617B681B6818460AF025
:109C60005BFB0346002B40F081847B681B68184631
:109C70000AF0BFFA0346002B00F07784FB6903F576
:109C800000639B681B0AC3F30D027B68C3F8D424EE
:109C90007B681B6818460AF0ACFA034603F002031F
:109CA000022B07D17B681B685A697B681B6802F02E
:109CB00002025A617B681B6818460AF09AFA03464A
:109CC00003F01003102B61D17B681B689A697B68D5
:109CD0001B6822F010029A613B6A1B6ABB61BB6978
:109CE00003F00F021346DB0013449B0003F51473CB
:109CF0007A68134404337B61BB6903F4F013B3F552
:109D0000802F24D1BA6947F6F0731340002B35D069
:109D10007B69D968BB691B099BB2C3F30A039BB279
:109D20001A46386A0AF082F87B69DA68BB691B094F
:109D3000C3F30A031A447B69DA607B695A69BB6919
:109D40001B09C3F30A031A447B695A6116E0BB6915
:109D500003F4F013B3F5402F10D17B6803F29C435A
:109D600008221946386A0AF061F87B695A69BB69AA
:109D70001B09C3F30A031A447B695A617B681B6899
:109D80009A697B681B6842F010029A617B681B68C5
:109D900018460AF02EFA034603F40023B3F5002F09
:109DA00040F0A78000237B627B681B6818460AF09E
:109DB00033FAB86299E0BB6A03F00103002B00F0AC
:109DC0008E807B681B687A6AD2B2114618460AF008
:109DD00057FA38613B6903F00103002B0CD07B6A12
:109DE0005A01FB69134403F530631A46012393605B
:109DF000796A786800F082FE3B6903F00803002B63
:109E00000CD07B6A5A01FB69134403F530631A4690
:109E100008239360796A786800F0BEFE3B6903F01E
:109E20001003002B08D07B6A5A01FB69134403F529
:109E300030631A46102393603B6903F00203002B42
:109E400030D03B6A5B6903F08003802B09D1FB694A
:109E500003F500635B68FA6902F5006243F480630E
:109E600053607A6A1346DB0013449B0003F51473B6
:109E70007A68134404337B617B69DB78012B08D15A
:109E80007B690022DA707B6ADBB2194678680DF0D4
:109E900049F97B6A5A01FB69134403F530631A469A
:109EA000022393603B6903F02003002B08D07B6AF8
:109EB0005A01FB69134403F530631A46202393606B
:109EC0003B6903F40053002B09D07B6A5A01FB69FC
:109ED000134403F530631A464FF4005393607B6AD2
:109EE00001337B62BB6A5B08BB62BB6A002B7FF4F9
:109EF00062AF7B681B6818460AF07BF9034603F4DF
:109F00008023B3F5802F40F0A4807B681B6818463F
:109F10000AF09CF9B86200237B6296E0BB6A03F00A
:109F20000103002B00F08B807B681B687A6AD2B239
:109F3000114618460AF0C2F938613B6903F0010383
:109F4000002B20D07B6A03F00F03012202FA03F3F7
:109F5000FB60FB6903F500635A6BFB68DB43F9693F
:109F600001F5006113404B637B6A5A01FB6913449E
:109F700003F510631A46012393607B6ADBB219462E
:109F800078680DF03AF83B6903F00803002B08D01D
:109F90007B6A5A01FB69134403F510631A460823D0
:109FA00093603B6903F01003002B08D07B6A5A01D1
:109FB000FB69134403F510631A46102393603B6951
:109FC00003F04003002B08D07B6A5A01FB6913445D
:109FD00003F510631A46402393603B6903F00203C4
:109FE000002B23D0796A386A09F008FA7A6A134696
:109FF000DB0013449B0010337A68134404337B6105
:10A000007B69DB78012B08D17B690022DA707B6ADF
:10A01000DBB2194678680DF097F87B6A5A01FB6944
:10A02000134403F510631A46022393603B6903F05F
:10A030008003002B03D0796A786800F0D6FC7B6A35
:10A0400001337B62BB6A5B08BB62BB6A002B7FF497
:10A0500065AF7B681B6818460AF0CBF8034603F02F
:10A060000043B3F1004F22D1FB6903F500635B6845
:10A07000FA6902F5006223F0010353607B6893F8EC
:10A08000CC34012B08D17B68002283F8CC2400213A
:10A0900078680DF02FFB02E078680DF01BF87B6804
:10A0A0001B685A697B681B6802F000425A617B6832
:10A0B0001B6818460AF09DF8034603F40063B3F5E5
:10A0C000006F12D1FB6903F500639B6803F0010385
:10A0D000012B02D178680CF0D7FF7B681B685A69A6
:10A0E0007B681B6802F400625A617B681B68184633
:10A0F0000AF07FF8034603F00063B3F1006F21D14B
:10A100007B681B685A697B681B6802F000625A61B1
:10A110007B6893F8CC34002B11D17B68012283F843
:10A12000CC247B681B685B6D9B0803F00F027B6887
:10A13000C3F8D024012178680DF0DCFA02E07868D9
:10A140000CF0A2FF7B681B6818460AF052F8034621
:10A1500003F48053B3F5805F40F0B680FB6903F5EC
:10A1600000635B68FA6902F5006223F00103536043
:10A170007B681B681021184609F040F90023FB6238
:10A1800046E0FB6A5A01FB69134403F510631A4663
:10A190004FF67F339360FB6A5A01FB69134403F562
:10A1A00010631B68FA6A5101FA690A4402F51062E9
:10A1B00023F400131360FB6A5A01FB69134403F58F
:10A1C00030631A464FF67F339360FB6A5A01FB698E
:10A1D000134403F530631B68FA6A5101FA690A44B3
:10A1E00002F5306223F400131360FB6A5A01FB6925
:10A1F000134403F530631B68FA6A5101FA690A4493
:10A2000002F5306243F000631360FB6A0133FB62C6
:10A210007B681B791A46FB6A9342B2D3FB6903F54C
:10A220000063DB69FA6902F5006243F00113D36150
:10A230007B68DB7B002B16D0FB6903F50063D3F84A
:10A240008430FA6902F5006243F00B03C2F88430EF
:10A25000FB6903F500635B6CFA6902F5006243F089
:10A260000B03536415E0FB6903F500635B69FA694E
:10A2700002F5006243F4005343F02B035361FB6982
:10A2800003F500631B69FA6902F5006243F00B03F2
:10A290001361FB6903F500631B68FA6902F500624C
:10A2A00023F4FE6313607B681A687B6803F29C43A7
:10A2B000194610460AF062F87B681B685A697B6889
:10A2C0001B6802F480525A617B681B68184609F0CB
:10A2D00090FF034603F40053B3F5005F23D17B687E
:10A2E0001B6818460AF026F87B681B68184609F0B8
:10A2F000FEF803461A467B68DA717B681C6801F039
:10A30000B9FD01467B68DB791A46204608F024FE39
:10A3100078680CF09AFE7B681B685A697B681B683A
:10A3200002F400525A617B681B68184609F061FF0D
:10A33000034603F00803082B0AD178680CF077FE77
:10A340007B681B685A697B681B6802F008025A61C7
:10A350007B681B68184609F04CFF034603F0800336
:10A36000802B23D13B6A9B6923F080023B6A9A6170
:10A3700001237B6214E079687A6A1346DB00134498
:10A380009B000B4403F257231B78012B05D17B6AFA
:10A39000DBB21946786800F0F7FA7B6A01337B621A
:10A3A0007B681B791A467B6A9342E4D37B681B68FF
:10A3B000184609F01EFF034603F48013B3F5801F0F
:10A3C0003CD101237B622BE07B6A5A01FB69134479
:10A3D00003F510631B68BB6179687A6A1346DB007A
:10A3E00013449B000B4418331B78012B15D1BB6918
:10A3F000002B12DA79687A6A1346DB0013449B005B
:10A400000B44173301221A707B6ADBB263F07F03BF
:10A41000DBB21946786800F0B7FA7B6A01337B62D9
:10A420007B681B791A467B6A9342CDD37B681B6895
:10A430005A697B681B6802F480125A617B681B684A
:10A44000184609F0D6FE034603F40013B3F5001FC7
:10A4500056D101237B6245E07B6A5A01FB691344B4
:10A4600003F530631B68BB6179687A6A1346DB00C9
:10A4700013449B000B4403F516731B78012B2ED15C
:10A48000BB69002B2BDABB6903F480327B68D3F8FD
:10A49000D43403F001039A4221D179687A6A1346D1
:10A4A000DB0013449B000B4403F2572301221A7074
:10A4B0003B6A9B6943F080023B6A9A613B6A5B6935
:10A4C00003F08003002B0AD1FB6903F500635B688E
:10A4D000FA6902F5006243F40073536008E07B6A96
:10A4E00001337B627B681B791A467B6A9342B3D344
:10A4F0007B681B685A697B681B6802F400125A610A
:10A500007B681B68184609F074FE034603F080431D
:10A51000B3F1804F0AD178680CF028FE7B681B6885
:10A520005A697B681B6802F080425A617B681B682D
:10A53000184609F05EFE034603F00403042B15D110
:10A540007B681B685B68BB61BB6903F00403002B7D
:10A5500002D078680CF018FE7B681B6859687B682D
:10A560001B68BA690A435A6000E000BF3437BD4631
:10A5700090BD80B582B000AF78600B46FB707B6801
:10A5800093F89434012B01D1022312E07B6801225D
:10A5900083F894247B68FA785A747B681B68FA788D
:10A5A0001146184609F0BDFD7B68002283F894240B
:10A5B000002318460837BD4680BD80B584B000AF83
:10A5C0007860084611461A460346FB700B463B80EE
:10A5D0001346BB700023FB7297F90330002B0FDA90
:10A5E000FB7803F00F021346DB0013449B0010338B
:10A5F0007A6813440433FB60FB6801225A700FE051
:10A60000FB7803F00F021346DB0013449B0003F5B5
:10A6100014737A6813440433FB60FB6800225A7099
:10A62000FB7803F00F03DAB2FB681A703B88C3F3C0
:10A630000A02FB689A60FB68BA781A71FB685B785B
:10A64000002B04D0FB681B781A46FB685A83BB7842
:10A65000022B02D1FB6800225A717B6893F8943474
:10A66000012B01D102230EE07B68012283F89424A0
:10A670007B681B68F968184608F058FF7B68002261
:10A6800083F89424FB7A18461037BD4680BD80B508
:10A6900084B000AF78600B46FB7097F90330002B55
:10A6A0000FDAFB7803F00F021346DB0013449B0024
:10A6B00010337A6813440433FB60FB6801225A703C
:10A6C0000FE0FB7803F00F021346DB0013449B00FE
:10A6D00003F514737A6813440433FB60FB680022AB
:10A6E0005A70FB7803F00F03DAB2FB681A707B68CC
:10A6F00093F89434012B01D102230EE07B680122F0
:10A7000083F894247B681B68F968184608F096FF64
:10A710007B68002283F89424002318461037BD4636
:10A7200080BD80B586B000AFF8607A603B600B46B4
:10A73000FB72FB7A03F00F021346DB0013449B000D
:10A7400003F51473FA68134404337B617B697A68F8
:10A75000DA607B693A681A617B6900225A617B6919
:10A7600000225A70FB7A03F00F03DAB27B691A7089
:10A77000FB681B687969184609F03CF80023184605
:10A780001837BD4680BD80B483B000AF78600B46FB
:10A79000FB70FB7803F00F0279681346DB0013446B
:10A7A0009B000B4403F51A731B6818460C37BD4613
:10A7B0005DF8047B704780B586B000AFF8607A60C2
:10A7C0003B600B46FB72FB7A03F00F021346DB0083
:10A7D00013449B001033FA68134404337B617B6994
:10A7E0007A68DA607B693A681A617B6900225A618B
:10A7F0007B6901225A70FB7A03F00F03DAB27B699E
:10A800001A70FB681B687969184608F0F3FF00238B
:10A8100018461837BD4680BD80B584B000AF78605B
:10A820000B46FB70FB7803F00F037A6812799342B2
:10A8300001D901234EE097F90330002B0FDAFB78A2
:10A8400003F00F021346DB0013449B0010337A68B9
:10A8500013440433FB60FB6801225A700DE0FA7860
:10A860001346DB0013449B0003F514737A6813440A
:10A870000433FB60FB6800225A70FB6801229A7067
:10A88000FB7803F00F03DAB2FB681A707B6893F869
:10A890009434012B01D102231CE07B68012283F850
:10A8A00094247B681B68F968184609F017FBFB784D
:10A8B00003F00F03002B08D17B681A687B6803F252
:10A8C0009C431946104609F059FD7B68002283F825
:10A8D0009424002318461037BD4680BD80B584B04F
:10A8E00000AF78600B46FB70FB7803F00F037A68CB
:10A8F0001279934201D9012342E097F90330002BEA
:10A900000FDAFB7803F00F021346DB0013449B00C1
:10A9100010337A6813440433FB60FB6801225A70D9
:10A920000FE0FB7803F00F021346DB0013449B009B
:10A9300003F514737A6813440433FB60FB68002248
:10A940005A70FB6800229A70FB7803F00F03DAB2AA
:10A95000FB681A707B6893F89434012B01D10223B1
:10A960000EE07B68012283F894247B681B68F968F9
:10A97000184609F021FB7B68002283F89424002309
:10A9800018461037BD4680BD80B584B000AF7860F2
:10A990000B46FB7097F90330002B0CDAFB7803F0C1
:10A9A0000F021346DB0013449B0010337A681344F4
:10A9B0000433FB600CE0FB7803F00F021346DB006E
:10A9C00013449B0003F514737A6813440433FB604B
:10A9D0007B681B68F968184609F044F90346FB7266
:10A9E000FB7A18461037BD4680BD80B588B000AFF1
:10A9F000786039607B681B687B617B693B613A6882
:10AA00001346DB0013449B0010337A68134404336D
:10AA1000FB60FB685A69FB681B699A4201D90123F4
:10AA200067E0FB681A69FB685B69D31AFB61FB6826
:10AA30009B68FA699A4202D9FB689B68FB61FB69D3
:10AA400003339B08BB6126E0FB681A69FB685B69FE
:10AA5000D31AFB61FB689B68FA699A4202D9FB68CA
:10AA60009B68FB61FB6903339B08BB61FB68D9688A
:10AA70003B68DAB2FB699BB2786909F09DF9FB6823
:10AA8000DA68FB691A44FB68DA60FB685A69FB699B
:10AA90001A44FB685A613B685A013B69134403F549
:10AAA00010639B699BB2BA699A4209D8FB685A69DC
:10AAB000FB681B699A4203D2FB681B69002BC3D158
:10AAC000FB681A69FB685B699A4211D83B6803F01E
:10AAD0000F03012202FA03F3BB603B6903F5006335
:10AAE0005A6BBB68DB43396901F5006113404B6366
:10AAF000002318462037BD4680BD000080B586B0D3
:10AB000000AF786039607B681B687B617B693B6163
:10AB10007B693C3304331B68FB603B685A013B692B
:10AB2000134403F530639B68BB60FB68194A93428A
:10AB300024D1BB6803F40043002B0AD03B685A01C0
:10AB40003B69134403F530631A464FF400439360A6
:10AB50001AE0BB6803F02003002B08D03B685A01C1
:10AB60003B69134403F530631A46202393603B6826
:10AB7000DBB2194678680CF025FA05E03B68DBB2D9
:10AB8000194678680CF01EFA002318461837BD469F
:10AB900080BD00BF0A31544F80B586B000AF7860E9
:10ABA00039607B681B687B617B693B617B693C33F7
:10ABB00004331B68FB603B685A013B69134403F58F
:10ABC00030639B68BB60FB680C4A93420ED9BB683C
:10ABD00003F40043002B09D03B685A013B6913443E
:10ABE00003F530631A464FF40043936078680CF025
:10ABF000D7F9002318461837BD4680BD0A30544F98
:10AC000080B485B000AF78600B46FB7013463B8084
:10AC10007B681B685B6ABB60FB78002B07D13B88B5
:10AC200019047B681B68BA680A439A6228E07B684B
:10AC30001B689B6A1B0CBA681344BB600023FB7340
:10AC40000DE07B681A68FB7B40339B0013445B6814
:10AC50001B0CBA681344BB60FB7B0133FB73FA7BAC
:10AC6000FB78013B9A42ECD33B8818047B68196857
:10AC7000FB78013BBA68024340339B000B445A60A7
:10AC8000002318461437BD465DF8047B704780B436
:10AC900083B000AF78600B467B807B681B687A8846
:10ACA0005A62002318460C37BD465DF8047B704796
:10ACB00080B485B000AF78607B681B68FB607B6800
:10ACC0000122C3F8D8247B68002283F8CC24FB68D7
:10ACD0009B6943F00062FB689A61FB685B6D43F01F
:10ACE000805343F00303FA68536500231846143772
:10ACF000BD465DF8047B704780B400AF044B1B6811
:10AD000003F4C0631846BD465DF8047B704700BF7E
:10AD10000070004080B584B000AF78607B68B3F508
:10AD2000007F07D07B68B3F5806F03D0A72126484A
:10AD3000F9F7C4FD7B68B3F5007F30D1234B1B6866
:10AD400003F4C063B3F5007F38D0204B1B6823F4B5
:10AD5000C0631E4A43F4007313601D4B1B6832220C
:10AD600002FB03F31B4AA2FB03239B0C0133FB6092
:10AD700002E0FB68013BFB60144B5B6903F48063FA
:10AD8000B3F5806F02D1FB68002BF2D10F4B5B69EA
:10AD900003F48063B3F5806F10D103230FE00B4BF6
:10ADA0001B6803F4C063B3F5806F07D0074B1B68C3
:10ADB00023F4C063054A43F48063136000231846FC
:10ADC0001037BD4680BD00BF547A010800700040B6
:10ADD0009C00002083DE1B4380B400AF054B5B6802
:10ADE000044A43F48063536000BFBD465DF8047BB2
:10ADF000704700BF0070004080B400AF054B5B6837
:10AE0000044A23F48063536000BFBD465DF8047BB1
:10AE1000704700BF0070004080B400AF054B5B6816
:10AE2000044A43F40073536000BFBD465DF8047BE1
:10AE3000704700BF0070004080B582B000AF4A4B41
:10AE40001B68494A43F001031360FAF751FF786029
:10AE500008E0FAF74DFF02467B68D31A022B01D9AE
:10AE600003237CE0404B1B6803F00203002BF0D06F
:10AE70003D4B1B6823F0F0033B4A43F06003136033
:10AE8000394B00229A60394B394A1A60394B1B689A
:10AE90001846FAF7DDFE0346002B01D001235EE0E1
:10AEA000FAF726FF78600AE0FAF722FF02467B688D
:10AEB000D31A41F28832934201D903234FE02A4B3F
:10AEC0009B6803F00C03002BEED1274B1A68264930
:10AED000294B13400B60FAF70BFF786008E0FAF794
:10AEE00007FF02467B68D31A022B01D9032336E001
:10AEF0001D4B1B6803F02853002BF0D11A4B002286
:10AF0000DA60194BDB68184A43F48053D360164B60
:10AF100000221A61144B1B69134A43F480531361D6
:10AF2000114B00225A61104B5B690F4A43F4805366
:10AF300053610D4B1B680C4A23F4802313600A4BAA
:10AF400000229A61084B4FF0FF321A62064BD3F889
:10AF50009430054A43F40003C2F8943000231846A5
:10AF60000837BD4680BD00BF001002409C00002095
:10AF700000093D00B0000020FFF4FEEA80B588B073
:10AF800000AF78607B68002B02D1012300F03EBD4A
:10AF90007B681B68002B08D07B681B683F2B04D99B
:10AFA0004FF4D1719B48F9F789FC9B4B9B6803F0E8
:10AFB0000C03BB61984BDB6803F003037B617B6888
:10AFC0001B6803F01003002B00F03F817B689B6936
:10AFD000002B08D07B689B69012B04D040F2AB1199
:10AFE0008C48F9F76BFC7B68DB69FF2B04D94FF4C5
:10AFF000D6718848F9F762FC7B681B6A002B30D059
:10B000007B681B6A102B2CD07B681B6A202B28D0F6
:10B010007B681B6A302B24D07B681B6A402B20D0B6
:10B020007B681B6A502B1CD07B681B6A602B18D076
:10B030007B681B6A702B14D07B681B6A802B10D036
:10B040007B681B6A902B0CD07B681B6AA02B08D0F6
:10B050007B681B6AB02B04D040F2AD116D48F9F744
:10B060002DFCBB69002B07D0BB690C2B40F08F80F7
:10B070007B69012B40F08B80674B1B6803F0020358
:10B08000002B06D07B689B69002B02D1012300F0C6
:10B09000BDBC7B681A6A604B1B6803F00803002B79
:10B0A00004D05D4B1B6803F0F00305E05A4BD3F866
:10B0B00094301B0903F0F003934224D27B681B6A8F
:10B0C000184600F00FFF0346002B02D0012300F0CA
:10B0D0009DBC514B1B68504A43F0080313604E4B14
:10B0E0001B6823F0F0027B681B6A4B4913430B601B
:10B0F000494B5B6823F47F427B68DB691B0246494E
:10B1000013434B6026E0444B1B68434A43F008035B
:10B110001360414B1B6823F0F0027B681B6A3E49B9
:10B1200013430B603C4B5B6823F47F427B68DB6915
:10B130001B02394913434B60BB69002B0AD17B6862
:10B140001B6A184600F0CEFE0346002B02D00123F6
:10B1500000F05CBC00F002FE02462F4B9B681B090E
:10B1600003F00F032D49CB5C03F01F0322FA03F316
:10B170002B4A13602B4B1B681846FAF769FD0346F0
:10B18000FB73FB7B002B5FD0FB7B00F03FBC7B683D
:10B190009B69002B33D0204B1B681F4A43F00103EF
:10B1A0001360FAF7A5FD386109E0FAF7A1FD024640
:10B1B0003B69D31A022B02D9032300F027BC164B9C
:10B1C0001B6803F00203002BEFD0134B1B68124ADD
:10B1D00043F008031360104B1B6823F0F0027B68F8
:10B1E0001B6A0D4913430B600B4B5B6823F47F42D2
:10B1F0007B68DB691B02084913434B6025E0064B63
:10B200001B68054A23F001031360FAF771FD3861EA
:10B2100013E000BF907A010800100240347C01085E
:10B220009C000020B0000020FAF762FD02463B6956
:10B23000D31A022B01D90323E8E3974B1B6803F0D1
:10B240000203002BF0D100E000BF7B681B6803F015
:10B250000103002B7ED07B685B68002B0ED07B68DF
:10B260005B68B3F5803F09D07B685B68B3F5A02FBE
:10B2700004D040F219218948F9F720FBBB69082B5B
:10B2800005D0BB690C2B0ED17B69032B0BD1824BF4
:10B290001B6803F40033002B5BD07B685B68002BDA
:10B2A00057D10123B2E37B685B68B3F5803F06D1D9
:10B2B000794B1B68784A43F4803313601DE07B6848
:10B2C0005B68B3F5A02F0CD1734B1B68724A43F433
:10B2D00080231360704B1B686F4A43F48033136004
:10B2E0000BE06D4B1B686C4A23F4803313606A4B90
:10B2F0001B68694A23F4802313607B685B68002B1A
:10B3000013D0FAF7F5FC386108E0FAF7F1FC0246D1
:10B310003B69D31A642B01D9032377E35E4B1B6887
:10B3200003F40033002BF0D014E0FAF7E1FC3861AD
:10B3300008E0FAF7DDFC02463B69D31A642B01D919
:10B34000032363E3544B1B6803F40033002BF0D159
:10B3500000E000BF7B681B6803F00203002B77D07E
:10B360007B68DB68002B09D07B68DB68B3F5807FE6
:10B3700004D04FF413714948F9F7A0FA7B681B69B0
:10B380007F2B04D940F24D214448F9F797FABB6965
:10B39000042B05D0BB690C2B19D17B69022B16D16C
:10B3A0003D4B1B6803F48063002B05D07B68DB6892
:10B3B000002B01D1012329E3374B5B6823F0FE42C8
:10B3C0007B681B691B06344913434B6040E07B6874
:10B3D000DB68002B23D0304B1B682F4A43F480736B
:10B3E0001360FAF785FC386108E0FAF781FC024641
:10B3F0003B69D31A022B01D9032307E3264B1B68B1
:10B4000003F48063002BF0D0234B5B6823F0FE42F3
:10B410007B681B691B06204913434B6018E01E4BD9
:10B420001B681D4A23F480731360FAF761FC3861CE
:10B4300008E0FAF75DFC02463B69D31A022B01D9FA
:10B440000323E3E2144B1B6803F48063002BF0D169
:10B450007B681B6803F00803002B4ED07B685B6998
:10B46000002B08D07B685B69012B04D040F28D2152
:10B470000A48F9F723FA7B685B69002B21D0064B59
:10B48000D3F89430044A43F00103C2F89430FAF739
:10B490002FFC38610DE000BF00100240907A0108D7
:10B4A000FAF726FC02463B69D31A022B01D9032383
:10B4B000ACE2934BD3F8943003F00203002BEFD0AF
:10B4C0001BE08F4BD3F894308D4A23F00103C2F870
:10B4D0009430FAF70DFC386108E0FAF709FC0246EF
:10B4E0003B69D31A022B01D903238FE2844BD3F893
:10B4F000943003F00203002BEFD17B681B6803F04C
:10B500000403002B00F0B2800023FB777B689B686C
:10B51000002B0CD07B689B68012B08D07B689B6854
:10B52000052B04D04FF438717648F9F7C7F9744BFE
:10B530009B6D03F08053002B0DD1714B9B6D704AB6
:10B5400043F0805393656E4B9B6D03F08053BB605B
:10B55000BB680123FB776C4B1B6803F48073002BE3
:10B5600018D1694B1B68684A43F480731360FAF77B
:10B57000BFFB386108E0FAF7BBFB02463B69D31A10
:10B58000022B01D9032341E25F4B1B6803F4807354
:10B59000002BF0D07B689B68012B08D1584BD3F867
:10B5A0009030574A43F00103C2F8903024E07B68A2
:10B5B0009B68052B10D1524BD3F89030504A43F082
:10B5C0000403C2F890304E4BD3F890304C4A43F00D
:10B5D0000103C2F890300FE0494BD3F89030484A4D
:10B5E00023F00103C2F89030454BD3F89030444A21
:10B5F00023F00403C2F890307B689B68002B16D0C0
:10B60000FAF776FB38610AE0FAF772FB02463B690B
:10B61000D31A41F28832934201D90323F6E1384B21
:10B62000D3F8903003F00203002BEDD015E0FAF7C9
:10B630005FFB38610AE0FAF75BFB02463B69D31A0D
:10B6400041F28832934201D90323DFE12C4BD3F836
:10B65000903003F00203002BEDD1FB7F012B05D1CD
:10B66000274B9B6D264A23F0805393657B681B68AC
:10B6700003F02003002B50D07B685B6A002B08D0BE
:10B680007B685B6A012B04D040F245311D48F9F715
:10B6900015F97B685B6A002B1CD0194BD3F89830E6
:10B6A000174A43F00103C2F89830FAF721FB3861DA
:10B6B00008E0FAF71DFB02463B69D31A022B01D9B9
:10B6C0000323A3E10E4BD3F8983003F00203002BC1
:10B6D000EFD022E00A4BD3F89830094A23F0010357
:10B6E000C2F89830FAF704FB38610FE0FAF700FB74
:10B6F00002463B69D31A022B08D9032386E100BF17
:10B7000000100240907A010800700040964BD3F878
:10B71000983003F00203002BE8D17B689B6A002B72
:10B720000CD07B689B6A012B08D07B689B6A022B3C
:10B7300004D040F26E318D48F9F7C0F87B689B6AFF
:10B74000002B00F062817B689B6A022B40F03881FD
:10B750007B68DB6A002B10D07B68DB6A012B0CD086
:10B760007B68DB6A022B08D07B68DB6A032B04D082
:10B7700040F276317D48F9F7A1F87B681B6B002B0E
:10B7800003D07B681B6B082B04D940F277317748D4
:10B79000F9F794F87B685B6B072B03D97B685B6BCD
:10B7A000562B04D94FF45E717048F9F787F87B681F
:10B7B0009B6B012B03D97B689B6B1F2B04D940F239
:10B7C0007A316A48F9F77AF87B68DB6B022B10D084
:10B7D0007B68DB6B042B0CD07B68DB6B062B08D003
:10B7E0007B68DB6B082B04D04FF45F715F48F9F77F
:10B7F00065F87B681B6C022B10D07B681B6C042BDC
:10B800000CD07B681B6C062B08D07B681B6C082B4C
:10B8100004D040F27D315548F9F750F8524BDB68BF
:10B820007B617B6903F003027B68DB6A9A422CD15F
:10B830007B6903F070027B681B6B013B1B019A4222
:10B8400023D17B6903F4FE427B685B6B1B029A4247
:10B850001BD17B6903F078427B689B6BDB069A42C5
:10B8600013D17B6903F4C0027B68DB6B5B08013B8F
:10B870005B059A4209D17B6903F0C0627B681B6C4F
:10B880005B08013B5B069A4274D0BB690C2B68D005
:10B89000354B1B6803F08063002B05D1324B1B68CE
:10B8A00003F08053002B01D00123AFE02E4B1B6827
:10B8B0002D4A23F080731360FAF71AFA386108E012
:10B8C000FAF716FA02463B69D31A022B01D9032371
:10B8D0009CE0254B1B6803F00073002BF0D1224B3A
:10B8E000DA68234B13407A68D16A7A68126B013A9E
:10B8F000120111437A68526B120211437A68D26BBB
:10B900005208013A520511437A68126C5208013A02
:10B91000520611437A68926BD2060A4312491343C6
:10B92000CB60114B1B68104A43F0807313600E4BC1
:10B93000DB680D4A43F08073D360FAF7D9F93861B8
:10B9400008E0FAF7D5F902463B69D31A022B01D970
:10B9500003235BE0044B1B6803F00073002BF0D063
:10B9600053E0012352E000BF00100240907A01082A
:10B970008C809D01274B1B6803F00073002B44D182
:10B98000244B1B68234A43F080731360214BDB6810
:10B99000204A43F08073D360FAF7AAF9386108E0CF
:10B9A000FAF7A6F902463B69D31A022B01D9032301
:10B9B0002CE0184B1B6803F00073002BF0D024E040
:10B9C000BB690C2B1FD0134B1B68124A23F08073EA
:10B9D0001360FAF78DF9386108E0FAF789F9024641
:10B9E0003B69D31A022B01D903230FE0094B1B68D3
:10B9F00003F00073002BF0D1064BDA680549064BC3
:10BA00001340CB6001E0012300E0002318462037FB
:10BA1000BD4680BD00100240FCFFEEFE80B584B044
:10BA200000AF786039607B68002B01D1012386E18B
:10BA30007B681B68002B03D07B681B680F2B04D925
:10BA400040F259418248F8F739FF3B68002B10D08B
:10BA50003B68012B0DD03B68022B0AD03B68032BBF
:10BA600007D03B68042B04D040F25A417848F8F7DD
:10BA700025FF784B1B6803F007033A689A4210D9F8
:10BA8000744B1B6823F0070272493B6813430B6039
:10BA9000704B1B6803F007033A689A4201D00123F8
:10BAA0004DE17B681B6803F00203002B39D07B68F3
:10BAB0009B68002B24D07B689B68802B20D07B6800
:10BAC0009B68902B1CD07B689B68A02B18D07B6850
:10BAD0009B68B02B14D07B689B68C02B10D07B6810
:10BAE0009B68D02B0CD07B689B68E02B08D07B68D0
:10BAF0009B68F02B04D040F272415548F8F7DEFE07
:10BB00007B689A68544B9B6803F0F0039A4208D90B
:10BB1000514B9B6823F0F0027B689B684E491343AE
:10BB20008B607B681B6803F00103002B61D07B688E
:10BB30005B68002B10D07B685B68012B0CD07B68A6
:10BB40005B68022B08D07B685B68032B04D040F253
:10BB50007D413F48F8F7B2FE7B685B68032B07D155
:10BB60003D4B1B6803F00073002B21D10123E6E05D
:10BB70007B685B68022B07D1374B1B6803F40033EB
:10BB8000002B15D10123DAE07B685B68002B07D11D
:10BB9000314B1B6803F00203002B09D10123CEE0D7
:10BBA0002D4B1B6803F48063002B01D10123C6E0F9
:10BBB000294B9B6823F003027B685B68264913438B
:10BBC0008B60FAF795F8F8600AE0FAF791F8024608
:10BBD000FB68D31A41F28832934201D90323AEE0C5
:10BBE0001D4B9B6803F00C027B685B689B009A42CC
:10BBF000EBD17B681B6803F00203002B10D07B683D
:10BC00009A68154B9B6803F0F0039A4208D2124BD6
:10BC10009B6823F0F0027B689B680F4913438B609D
:10BC20000C4B1B6803F007033A689A4216D2094B83
:10BC30001B6823F0070207493B6813430B60054B61
:10BC40001B6803F007033A689A4207D0012376E0A5
:10BC5000907A010800200240001002407B681B68B7
:10BC600003F00403002B25D07B68DB68002B18D081
:10BC70007B68DB68B3F5806F13D07B68DB68B3F556
:10BC8000A06F0ED07B68DB68B3F5C06F09D07B680E
:10BC9000DB68B3F5E06F04D040F2F5412A48F8F7CD
:10BCA0000DFE2A4B9B6823F4E0627B68DB68274922
:10BCB00013438B607B681B6803F00803002B26D0BE
:10BCC0007B681B69002B18D07B681B69B3F5806FFC
:10BCD00013D07B681B69B3F5A06F0ED07B681B691E
:10BCE000B3F5C06F09D07B681B69B3F5E06F04D072
:10BCF00040F2FC411448F8F7E1FD144B9B6823F433
:10BD000060527B681B69DB00104913438B6000F0B5
:10BD100025F802460D4B9B681B0903F00F030C49E5
:10BD2000CB5C03F01F0322FA03F30A4A13600A4BA9
:10BD30001B681846F9F78CFF0346FB72FB7A18461E
:10BD40001037BD4680BD00BF907A01080010024048
:10BD5000347C01089C000020B000002080B489B031
:10BD600000AF0023FB610023BB613E4B9B6803F0E7
:10BD70000C033B613B4BDB6803F00303FB603B6957
:10BD8000002B05D03B690C2B21D1FB68012B1ED168
:10BD9000344B1B6803F00803002B07D1314BD3F859
:10BDA00094301B0A03F00F03FB6105E02D4B1B6869
:10BDB0001B0903F00F03FB612B4AFB6952F8233088
:10BDC000FB613B69002B0DD1FB69BB610AE03B695C
:10BDD000042B02D1254BBB6104E03B69082B01D148
:10BDE000234BBB613B690C2B34D11E4BDB6803F04A
:10BDF0000303BB60BB68022B03D0BB68032B03D0DB
:10BE000005E01A4B7B6105E0194B7B6102E0FB69A1
:10BE10007B6100BF134BDB681B0903F00703013391
:10BE20007B60104BDB681B0A03F07F037A6903FB1E
:10BE300002F27B68B2FBF3F37B610A4BDB685B0EBB
:10BE400003F0030301335B003B607A693B68B2FB9C
:10BE5000F3F3BB61BB6918462437BD465DF8047B2C
:10BE6000704700BF001002404C7C01080024F40021
:10BE700000127A0080B400AF034B1B681846BD4621
:10BE80005DF8047B704700BF9C00002080B500AFC8
:10BE9000FFF7F0FF0246064B9B681B0A03F00703FF
:10BEA0000449CB5C03F01F0322FA03F3184680BD5C
:10BEB00000100240447C010880B500AFFFF7DAFFB4
:10BEC0000246064B9B68DB0A03F007030449CB5C80
:10BED00003F01F0322FA03F3184680BD001002404E
:10BEE000447C010880B586B000AF786000233B61D8
:10BEF0002A4B9B6D03F08053002B03D0FEF7FCFE12
:10BF0000786114E0254B9B6D244A43F08053936580
:10BF1000224B9B6D03F08053FB60FB68FEF7ECFE49
:10BF200078611E4B9B6D1D4A23F0805393657B699E
:10BF3000B3F5007F0BD17B68802B19D97B68A02BD0
:10BF400002D902233B6113E001233B6110E07B68CF
:10BF5000802B02D903233B610AE07B68802B02D14E
:10BF600002233B6104E07B68702B01D101233B611C
:10BF70000B4B1B6823F0070209493B6913430B6015
:10BF8000074B1B6803F007033A699A4201D001236B
:10BF900000E0002318461837BD4680BD001002405F
:10BFA0000020024080B586B000AF78600023FB74AB
:10BFB0000023BB747B681B68C3F31403002B04D0FD
:10BFC0007B681B68B3F5001F03D3C9218948F8F7C4
:10BFD00075FC7B681B6803F40063002B58D07B68FA
:10BFE0009B6E002B12D07B689B6EB3F5800F0DD03B
:10BFF0007B689B6EB3F5000F08D07B689B6EB3F532
:10C00000400F03D0D1217B48F8F758FC7B689B6E2A
:10C01000B3F5400F2AD0B3F5400F24D8B3F5000F85
:10C0200008D0B3F5000F1ED8002B0AD0B3F5800F4F
:10C0300010D018E0704BDB686F4A43F48033D36054
:10C0400015E07B6804330021184600F08FFC03469E
:10C05000FB740CE07B6820330021184600F006FEDC
:10C060000346FB7403E00123FB7400E000BFFB7C8C
:10C07000002B0BD1604BD3F8883023F440027B684F
:10C080009B6E5D491343C1F8883001E0FB7CBB74B3
:10C090007B681B6803F48053002B59D07B68DB6EF0
:10C0A000002B13D07B68DB6EB3F1807F0ED07B68F2
:10C0B000DB6EB3F1007F09D07B68DB6EB3F1407FAC
:10C0C00004D040F20F114B48F8F7F8FB7B68DB6EA9
:10C0D000B3F1407F2AD0B3F1407F24D8B3F1007F81
:10C0E00008D0B3F1007F1ED8002B0AD0B3F1807FB7
:10C0F00010D018E0404BDB683F4A43F48033D360F4
:10C1000015E07B6804330021184600F02FFC03463D
:10C11000FB740CE07B6820330021184600F0A6FD7C
:10C120000346FB7403E00123FB7400E000BFFB7CCB
:10C13000002B0BD1304BD3F8883023F040727B6852
:10C14000DB6E2D491343C1F8883001E0FB7CBB74E2
:10C150007B681B6803F40033002B00F0C2800023CF
:10C160007B747B68D3F88830002B16D07B68D3F8BB
:10C170008830B3F5807F10D07B68D3F88830B3F572
:10C18000007F0AD07B68D3F88830B3F5407F04D0B5
:10C190004FF4A2711748F8F791FB174B9B6D03F012
:10C1A0008053002B01D1012300E00023002B0DD090
:10C1B000114B9B6D104A43F0805393650E4B9B6D62
:10C1C00003F08053BB60BB6801237B740B4B1B687F
:10C1D0000A4A43F480731360F9F78AFDF8600FE0B0
:10C1E000F9F786FD0246FB68D31A022B08D9032310
:10C1F000FB740BE0C87A0108001002400070004098
:10C20000304B1B6803F48073002BE9D0FB7C002BC0
:10C210005CD12D4BD3F8903003F440737B617B6984
:10C22000002B1FD07B68D3F888307A699A4219D0E6
:10C23000254BD3F8903023F440737B61224BD3F825
:10C240009030214A43F48033C2F890301E4BD3F82B
:10C2500090301D4A23F48033C2F890301A4A7B692B
:10C26000C2F890307B6903F00103002B16D0F9F778
:10C270003FFDF8600BE0F9F73BFD0246FB68D31A7F
:10C2800041F28832934202D90323FB7406E00E4B3D
:10C29000D3F8903003F00203002BECD0FB7C002B92
:10C2A0000CD1094BD3F8903023F440727B68D3F85B
:10C2B000883005491343C1F8903009E0FB7CBB741A
:10C2C00006E000BF0070004000100240FB7CBB7421
:10C2D0007B7C012B05D18D4B9B6D8C4A23F08053C9
:10C2E00093657B681B6803F00103002B1FD07B68FC
:10C2F0009B6B002B10D07B689B6B012B0CD07B6859
:10C300009B6B032B08D07B689B6B022B04D040F205
:10C3100099117F48F8F7D2FA7C4BD3F8883023F094
:10C3200003027B689B6B79491343C1F888307B68B3
:10C330001B6803F00203002B1FD07B68DB6B002B14
:10C3400010D07B68DB6B042B0CD07B68DB6B0C2B79
:10C3500008D07B68DB6B082B04D040F2A3116C483B
:10C36000F8F7ACFA694BD3F8883023F00C027B68FD
:10C37000DB6B66491343C1F888307B681B6803F0A8
:10C380000403002B1FD07B681B6C002B10D07B6834
:10C390001B6C102B0CD07B681B6C302B08D07B687F
:10C3A0001B6C202B04D040F2AF115948F8F786FAE5
:10C3B000564BD3F8883023F030027B681B6C53490E
:10C3C0001343C1F888307B681B6803F00803002B17
:10C3D0001FD07B685B6C002B10D07B685B6C402BA4
:10C3E0000CD07B685B6CC02B08D07B685B6C802BAF
:10C3F00004D040F2BD114648F8F760FA434BD3F839
:10C40000883023F0C0027B685B6C40491343C1F85D
:10C4100088307B681B6803F01003002B22D07B68F8
:10C420009B6C002B13D07B689B6CB3F5807F0ED088
:10C430007B689B6CB3F5407F09D07B689B6CB3F540
:10C44000007F04D040F2CB113148F8F737FA2F4B78
:10C45000D3F8883023F440727B689B6C2B491343DC
:10C46000C1F888307B681B6803F02003002B22D0C2
:10C470007B68DB6C002B13D07B68DB6CB3F5806FC3
:10C480000ED07B68DB6CB3F5406F09D07B68DB6C4A
:10C49000B3F5006F04D040F2D7111D48F8F70EFA3B
:10C4A0001A4BD3F8883023F440627B68DB6C174961
:10C4B0001343C1F888307B681B6803F40073002BBA
:10C4C00028D07B681B6E002B13D07B681B6EB3F5E6
:10C4D000802F0ED07B681B6EB3F5002F09D07B68D0
:10C4E0001B6EB3F5402F04D04FF4F0710848F8F7F5
:10C4F000E5F9064BD3F8883023F440227B681B6EA5
:10C5000002491343C1F8883004E000BF0010024024
:10C51000C87A01087B681B6803F48063002B22D073
:10C520007B685B6E002B13D07B685B6EB3F5801F5E
:10C530000ED07B685B6EB3F5001F09D07B685B6E25
:10C54000B3F5401F04D040F2E7118C48F8F7B6F974
:10C550008B4BD3F8883023F440127B685B6E88499C
:10C560001343C1F888307B681B6803F04003002B3D
:10C570001DD07B681B6D002B0ED07B681B6DB3F547
:10C58000805F09D07B681B6DB3F5005F04D040F27B
:10C59000EF117A48F8F792F9794BD3F8883023F401
:10C5A00040527B681B6D76491343C1F888307B6825
:10C5B0001B6803F08003002B1DD07B685B6D002B94
:10C5C0000ED07B685B6DB3F5804F09D07B685B6DE7
:10C5D000B3F5004F04D040F2FB116848F8F76EF94C
:10C5E000674BD3F8883023F440427B685B6D644925
:10C5F0001343C1F888307B681B6803F48073002BF9
:10C600001DD07B689B6D002B0ED07B689B6DB3F5B6
:10C61000803F09D07B689B6DB3F5003F04D040F2AA
:10C6200007215648F8F74AF9554BD3F8883023F4D8
:10C6300040327B689B6D52491343C1F888307B6858
:10C640001B6803F48013002B1BD07B68DB6D002B71
:10C650000CD07B68DB6D012B08D07B68DB6D022B77
:10C6600004D040F213214548F8F728F9444BD3F899
:10C670009C3023F003027B68DB6D41491343C1F812
:10C680009C307B681B6803F40053002B40D07B6810
:10C690001B6F002B13D07B681B6FB3F1806F0ED024
:10C6A0007B681B6FB3F1006F09D07B681B6FB3F120
:10C6B000406F04D04FF408713048F8F7FFF8304B62
:10C6C000D3F8883023F040627B681B6F2C491343FA
:10C6D000C1F888307B681B6FB3F1006F06D1284B1F
:10C6E000DB68274A43F48013D36011E07B681B6F3B
:10C6F000B3F1806F0CD17B6804330121184600F040
:10C7000035F90346FB74FB7C002B01D0FB7CBB742A
:10C710007B681B6803F40023002B45D07B685B6FAC
:10C72000002B13D07B685B6FB3F1806F0ED07B68FA
:10C730005B6FB3F1006F09D07B685B6FB3F1406F43
:10C7400004D040F241210D48F8F7B8F80C4BD3F86B
:10C75000883023F040627B685B6F09491343C1F85E
:10C7600088307B685B6FB3F1006F0BD1044BDB68E3
:10C77000034A43F48013D36016E000BFC87A01086F
:10C78000001002407B685B6FB3F1806F0CD17B6857
:10C7900004330121184600F0E9F80346FB74FB7CE2
:10C7A000002B01D0FB7CBB747B681B6803F48023E7
:10C7B000002B40D07B689B6F002B13D07B689B6F56
:10C7C000B3F1806F0ED07B689B6FB3F1006F09D01F
:10C7D0007B689B6FB3F1406F04D040F266216148E3
:10C7E000F8F76CF8604BD3F8883023F040627B6830
:10C7F0009B6F5D491343C1F888307B689B6FB3F131
:10C80000006F06D1584BDB68574A43F48013D3605E
:10C8100011E07B689B6FB3F1806F0CD17B680433B0
:10C820000121184600F0A2F80346FB74FB7C002BA4
:10C8300001D0FB7CBB747B681B6803F48043002B36
:10C8400047D07B68DB6F002B13D07B68DB6FB3F1C5
:10C85000805F0ED07B68DB6FB3F1005F09D07B682F
:10C86000DB6FB3F1405F04D040F286213D48F8F71A
:10C8700025F83D4BD3F8883023F040527B68DB6FBE
:10C8800039491343C1F888307B68DB6FB3F1805FAF
:10C890000DD17B6804330221184600F067F8034687
:10C8A000FB74FB7C002B14D0FB7CBB7411E07B6819
:10C8B000DB6FB3F1005F0CD17B6820330221184697
:10C8C00000F0D4F90346FB74FB7C002B01D0FB7C09
:10C8D000BB747B681B6803F40043002B1BD07B6890
:10C8E000D3F88030002B0AD07B68D3F88030B3F1C6
:10C8F000804F04D040F2B6211A48F7F7DFFF1A4BF9
:10C90000D3F8883023F080427B68D3F88030164912
:10C910001343C1F888307B681B6803F48033002B15
:10C920001BD07B68D3F88430002B0AD07B68D3F807
:10C930008430B3F1004F04D04FF431710948F7F758
:10C94000BDFF094BD3F8883023F000427B68D3F851
:10C95000843005491343C1F88830BB7C184618372A
:10C96000BD4680BDC87A01080010024080B584B081
:10C9700000AF786039600023FB737B681B68002B75
:10C9800010D07B681B68012B0CD07B681B68022BC6
:10C9900008D07B681B68032B04D040F662318748BF
:10C9A000F7F78CFF7B685B68002B03D07B685B68C4
:10C9B000082B04D940F663318048F7F77FFF7B6886
:10C9C0009B68072B03D97B689B68562B04D940F6DC
:10C9D00064317A48F7F772FF7B689B6903F4803310
:10C9E000002B0BD17B689B6903F48013002B05D1CE
:10C9F0007B689B6903F08073002B07D07B689B6981
:10CA000023F0887323F48033002B04D040F6653183
:10CA10006A48F7F753FF6A4BDB6803F00303002B08
:10CA200018D0674BDB6803F003027B681B689A42EF
:10CA30000DD17B681B68002B09D0614BDB681B099B
:10CA400003F007035A1C7B685B689A4247D00123B6
:10CA5000FB7344E07B681B68032B18D0032B25D89D
:10CA6000012B02D0022B09D020E0554B1B6803F0AC
:10CA70000203002B1DD10123FB731AE0504B1B68EE
:10CA800003F48063002B16D10123FB7313E04C4B9E
:10CA90001B6803F40033002B0FD1494B1B6803F4D0
:10CAA0008023002B09D10123FB7306E00123FB73D4
:10CAB00004E000BF02E000BF00E000BFFB7B002BF2
:10CAC0000DD13F4BDB6823F073027B6819687B68EC
:10CAD0005B68013B1B010B4339491343CB60FB7B74
:10CAE000002B40F0BA80364B1B68354A23F0806338
:10CAF0001360F9F7FDF8B86009E0F9F7F9F80246B4
:10CB0000BB68D31A022B02D90323FB7305E02C4B1D
:10CB10001B6803F00063002BEFD1FB7B002B40F080
:10CB20009C803B68002B1DD17B68DB68012B03D9FF
:10CB30007B68DB681F2B04D940F6B8311F48F7F734
:10CB4000BDFE1F4B1B6923F0784323F4FE437A6834
:10CB5000926811027A68D268D2060A4318491343D0
:10CB60000B6156E03B68012B2CD17B681B69022BC3
:10CB700010D07B681B69042B0CD07B681B69062BCB
:10CB800008D07B681B69082B04D040F6DC310B48C9
:10CB9000F7F794FE0A4B1B6923F4C00323F4FE430A
:10CBA0007A68926811027A6812695208013A52054D
:10CBB0000A43034913430B612BE000BFC87A010805
:10CBC000001002407B685B69022B10D07B685B69B8
:10CBD000042B0CD07B685B69062B08D07B685B69F3
:10CBE000082B04D040F6EE311E48F7F767FE1E4BC7
:10CBF0001B6923F0C06323F4FE437A689268110234
:10CC00007A6852695208013A52060A431649134398
:10CC10000B61154B1B68144A43F080631360F9F7EE
:10CC200067F8B86009E0F9F763F80246BB68D31A01
:10CC3000022B02D90323FB7305E00B4B1B6803F0A7
:10CC40000063002BEFD0FB7B002B06D1064B1A694B
:10CC50007B689B69044913430B61FB7B18461037C3
:10CC6000BD4680BDC87A01080010024080B584B07E
:10CC700000AF786039600023FB737B681B68002B72
:10CC800010D07B681B68012B0CD07B681B68022BC3
:10CC900008D07B681B68032B04D040F62F419648D0
:10CCA000F7F70CFE7B685B68002B03D07B685B6842
:10CCB000082B04D94FF443618F48F7F7FFFD7B68D9
:10CCC0009B68072B03D97B689B68562B04D940F6D9
:10CCD00031418948F7F7F2FD7B685B6903F48033E3
:10CCE000002B05D17B685B6903F08073002B07D0B4
:10CCF0007B685B6923F0807323F48033002B04D0BE
:10CD000040F632417C48F7F7D9FD7C4BDB6803F0F5
:10CD10000303002B18D0794BDB6803F003027B6818
:10CD20001B689A420DD17B681B68002B09D0734B9E
:10CD3000DB681B0903F007035A1C7B685B689A4297
:10CD400047D00123FB7344E07B681B68032B18D09A
:10CD5000032B25D8012B02D0022B09D020E0674BF2
:10CD60001B6803F00203002B1DD10123FB731AE0A3
:10CD7000624B1B6803F48063002B16D10123FB7305
:10CD800013E05E4B1B6803F40033002B0FD15B4BA9
:10CD90001B6803F48023002B09D10123FB7306E0F9
:10CDA0000123FB7304E000BF02E000BF00E000BF0E
:10CDB000FB7B002B0DD1514BDB6823F073027B68AA
:10CDC00019687B685B68013B1B010B434B491343AC
:10CDD000CB60FB7B002B40F08980484B1B68474AA7
:10CDE00023F080531360F8F783FFB86009E0F8F789
:10CDF0007FFF0246BB68D31A022B02D90323FB73C1
:10CE000005E03E4B1B6803F00053002BEFD1FB7B8A
:10CE1000002B6BD13B68002B1DD17B68DB68012B9D
:10CE200003D97B68DB681F2B04D940F68541324863
:10CE3000F7F744FD314B5B6923F0784323F4FE435D
:10CE40007A68926811027A68D268D2060A432B493E
:10CE500013434B6126E07B681B69022B10D07B6873
:10CE60001B69042B0CD07B681B69062B08D07B68E0
:10CE70001B69082B04D040F6BD411F48F7F71EFD83
:10CE80001E4B5B6923F0C06323F4FE437A6892680B
:10CE900011027A6812695208013A52060A43174988
:10CEA00013434B61154B1B68144A43F080531360C6
:10CEB000F8F71EFFB86009E0F8F71AFF0246BB68F2
:10CEC000D31A022B02D90323FB7305E00B4B1B681B
:10CED00003F00053002BEFD0FB7B002B06D1074B58
:10CEE0005A697B685B69054913434B61FB7B1846B4
:10CEF0001037BD4680BD00BFC87A0108001002404F
:10CF000080B584B000AF78607B68002B01D101232D
:10CF1000DDE17B681B687B4A93420ED07B681B680F
:10CF2000794A934209D07B681B68784A934204D0BF
:10CF300040F247117648F7F7C1FC7B685B68002B2D
:10CF400009D07B685B68B3F5827F04D04FF4A4718D
:10CF50006F48F7F7B3FC7B689B68002B0ED07B68AB
:10CF60009B68B3F5806F09D07B689B68B3F5004F71
:10CF700004D040F249116648F7F7A0FC7B68DB68F3
:10CF8000B3F5706F40D07B68DB68B3F5606F3BD062
:10CF90007B68DB68B3F5506F36D07B68DB68B3F530
:10CFA000406F31D07B68DB68B3F5306F2CD07B6885
:10CFB000DB68B3F5206F27D07B68DB68B3F5106FB3
:10CFC00022D07B68DB68B3F5006F1DD07B68DB681F
:10CFD000B3F5E06F18D07B68DB68B3F5C06F13D092
:10CFE0007B68DB68B3F5A06F0ED07B68DB68B3F5B8
:10CFF000806F09D07B68DB68B3F5407F04D04FF4C5
:10D00000A5714348F7F75AFC7B689B69B3F5007F2D
:10D010000DD07B689B69002B09D07B689B69B3F5B9
:10D02000802F04D040F24B113948F7F747FC7B685A
:10D030005B6B082B08D07B685B6B002B04D04FF434
:10D04000A6713348F7F73AFC7B68DB69002B20D0E8
:10D050007B68DB69082B1CD07B68DB69102B18D040
:10D060007B68DB69182B14D07B68DB69202B10D020
:10D070007B68DB69282B0CD07B68DB69302B08D000
:10D080007B68DB69382B04D040F24D112048F7F75C
:10D0900015FC7B681B6A002B08D07B681B6A802B01
:10D0A00004D04FF4A7711A48F7F708FC7B685B6A55
:10D0B000002B08D07B685B6A102B04D040F24F1124
:10D0C0001348F7F7FBFB7B685B6A002B51D17B6849
:10D0D0001B69002B08D07B681B69022B04D04FF41E
:10D0E000A9710B48F7F7EAFB7B685B69002B11D04D
:10D0F0007B685B69012B0DD040F253110448F7F7B0
:10D10000DDFB07E00030014000380040003C0040FB
:10D11000047B01087B685B68B3F5827F25D17B685F
:10D12000DB69002B50D07B68DB69082B4CD07B6817
:10D13000DB69102B48D07B68DB69182B44D07B68F7
:10D14000DB69202B40D07B68DB69282B3CD07B68D7
:10D15000DB69302B38D07B68DB69382B34D040F268
:10D1600057115D48F7F7AAFB2EE07B680022DA61D1
:10D170002AE07B68DB69002B20D07B68DB69082B09
:10D180001CD07B68DB69102B18D07B68DB69182BFF
:10D1900014D07B68DB69202B10D07B68DB69282BDF
:10D1A0000CD07B68DB69302B08D07B68DB69382BBF
:10D1B00004D040F261114848F7F780FB7B680022F9
:10D1C0001A617B6800225A617B6800229A627B6840
:10D1D00093F85D30DBB2002B06D17B68002283F828
:10D1E0005C207868F7F780FD7B68022283F85D2079
:10D1F0007B681B681A687B681B6822F040021A6013
:10D200007B68DB68B3F5E06F02D90023FB6002E0C6
:10D210004FF48053FB607B68DB68B3F5706F07D019
:10D220007B68DB68B3F5E06F02D07B6800229A620E
:10D230007B685B6803F482727B689B6803F4044339
:10D240001A437B681B6903F002031A437B685B691E
:10D2500003F001031A437B689B6903F400731A43CC
:10D260007B68DB6903F038031A437B681B6A03F0B1
:10D27000800342EA03017B689B6A03F400527B68E7
:10D280001B680A431A607B689B691B0C03F004024D
:10D290007B685B6A03F010031A437B685B6B03F0E7
:10D2A00008031A437B68DB6803F4706342EA0301F6
:10D2B000FB6803F480527B681B680A435A607B68F2
:10D2C00000221A667B68012283F85D20002318463D
:10D2D0001037BD4680BD00BF047B010880B582B019
:10D2E00000AF78607B68002B01D101232EE07B68C2
:10D2F0001B68184A93420ED07B681B68164A9342FB
:10D3000009D07B681B68154A934204D04FF4FA7128
:10D310001348F7F7D3FA7B68022283F85D207B6815
:10D320001B681A687B681B6822F040021A607868E4
:10D33000F7F782FD7B6800221A667B68002283F87B
:10D340005D207B68002283F85C20002318460837A4
:10D35000BD4680BD0030014000380040003C004028
:10D36000047B010880B588B000AFF860B9603B600D
:10D370001346FB80FB689B68002B09D0FB689B6809
:10D38000B3F5004F04D040F23D318948F7F796FAE3
:10D39000F8F7AEFCF861FB887B83FB6893F85D309F
:10D3A000DBB2012B01D002235FE1BB68002B02D06E
:10D3B000FB88002B01D1012357E1FB6893F85C3017
:10D3C000012B01D1022350E1FB68012283F85C208C
:10D3D000FB68032283F85D20FB6800221A66FB6865
:10D3E000BA689A63FB68FA889A87FB68FA88DA87D2
:10D3F000FB6800221A64FB680022A3F84420FB6843
:10D400000022A3F84620FB6800221A65FB68002270
:10D41000DA64FB689B68B3F5004F0FD1FB681B68AB
:10D420001A68FB681B6822F040021A60FB681B68E0
:10D430001A68FB681B6842F480421A60FB681B682C
:10D440001B6803F04003402B07D0FB681B681A6879
:10D45000FB681B6842F040021A60FB68DB68B3F5AA
:10D46000E06F52D9FB685B68002B02D07B8B012BED
:10D4700045D1FB689B6B1A88FB681B68DA60FB6808
:10D480009B6B9A1CFB689A63FB68DB8F9BB2013B2A
:10D490009AB2FB68DA8732E0FB681B689B6803F08E
:10D4A0000203022B12D1FB689B6B1A88FB681B6876
:10D4B000DA60FB689B6B9A1CFB689A63FB68DB8FE6
:10D4C0009BB2013B9AB2FB68DA8718E0F8F710FCD0
:10D4D0000246FB69D31A3A689A4203D83B68B3F113
:10D4E000FF3F02D13B68002B09D1FB68012283F882
:10D4F0005D20FB68002283F85C200323B5E0FB6815
:10D50000DB8F9BB2002BC7D186E0FB685B68002BEA
:10D5100002D07B8B012B7AD1FB68DB8F9BB2012B76
:10D5200012D9FB689B6B1A88FB681B68DA60FB6882
:10D530009B6B9A1CFB689A63FB68DB8F9BB2023B78
:10D540009AB2FB68DA8762E0FB689A6BFB681B683B
:10D550000C3312781A70FB689B6B5A1CFB689A6339
:10D56000FB68DB8F9BB2013B9AB2FB68DA874EE027
:10D57000FB681B689B6803F00203022B2ED1FB683B
:10D58000DB8F9BB2012B15D9FB689B6B1A88FB685C
:10D590001B68DA60FB689B6B9A1CFB689A63FB68EC
:10D5A000DB8F9BB2023B9AB2FB68DA872FE000BFA9
:10D5B000047B0108FB689A6BFB681B680C331278CC
:10D5C0001A70FB689B6B5A1CFB689A63FB68DB8FC5
:10D5D0009BB2013B9AB2FB68DA8718E0F8F788FB48
:10D5E0000246FB69D31A3A689A4203D83B68B3F102
:10D5F000FF3F02D13B68002B09D1FB68012283F871
:10D600005D20FB68002283F85C2003232DE0FB688B
:10D61000DB8F9BB2002BABD1FA693968F86800F058
:10D6200001FD0346002B02D0FB6820221A66FB682E
:10D630009B68002B0AD100237B61FB681B68DB68B9
:10D640007B61FB681B689B687B617B69FB680122CF
:10D6500083F85D20FB68002283F85C20FB681B6E6A
:10D66000002B01D0012300E0002318462037BD46DF
:10D6700080BD00BF80B588B002AFF860B9603B6084
:10D680001346FB80FB6893F85D30DBB2012B01D0C1
:10D69000022323E1FB685B68B3F5827F12D1FB684C
:10D6A0009B68002B0ED1FB68042283F85D20FA886A
:10D6B0003B6800931346BA68B968F86800F012F93D
:10D6C00003460BE1F8F714FB7861BB68002B02D02E
:10D6D000FB88002B01D1012300E1FB6893F85C304B
:10D6E000012B01D10223F9E0FB68012283F85C20C1
:10D6F000FB68042283F85D20FB6800221A66FB6841
:10D70000BA681A64FB68FA88A3F84420FB68FA88B0
:10D71000A3F84620FB6800229A63FB6800229A87E0
:10D72000FB680022DA87FB680022DA64FB680022CB
:10D730001A65FB68DB68B3F5E06F08D9FB681B6806
:10D740005A68FB681B6822F480525A6007E0FB6845
:10D750001B685A68FB681B6842F480525A60FB6879
:10D760009B68B3F5004F0FD1FB681B681A68FB6814
:10D770001B6822F040021A60FB681B681A68FB688D
:10D780001B6822F480421A60FB681B681B6803F068
:10D790004003402B07D0FB681B681A68FB681B68B6
:10D7A00042F040021A60FB68DB68B3F5E06F75D8A1
:10D7B00037E0FB681B689B6803F00103012B17D15E
:10D7C000FB681B6803F10C02FB681B6C1278D2B279
:10D7D0001A70FB681B6C5A1CFB681A64FB68B3F870
:10D7E00046309BB2013B9AB2FB68A3F8462018E092
:10D7F000F8F77EFA02467B69D31A3A689A4203D850
:10D800003B68B3F1FF3F02D13B68002B09D1FB68B5
:10D81000012283F85D20FB68002283F85C2003234B
:10D820005CE0FB68B3F846309BB2002BC1D13BE013
:10D83000FB681B689B6803F00103012B15D1FB6893
:10D840001B68DA68FB681B6C92B21A80FB681B6C61
:10D850009A1CFB681A64FB68B3F846309BB2013B24
:10D860009AB2FB68A3F8462018E0F8F741FA02469E
:10D870007B69D31A3A689A4203D83B68B3F1FF3FF9
:10D8800002D13B68002B09D1FB68012283F85D209F
:10D89000FB68002283F85C2003231FE0FB68B3F8D9
:10D8A00046309BB2002BC3D17A693968F86800F022
:10D8B00061FB0346002B02D0FB6820221A66FB683E
:10D8C000012283F85D20FB68002283F85C20FB685E
:10D8D0001B6E002B01D0012300E0002318461837EF
:10D8E000BD4680BD80B58AB000AFF860B9607A608F
:10D8F0007B8001237B62FB689B68002B04D04FF484
:10D900009F618748F6F7DAFFF8F7F2F93862FB68AB
:10D9100093F85D30FB77FB685B68BB617B88FB82BB
:10D920007B88BB82FB7F012B0CD0BB69B3F5827F68
:10D9300006D1FB689B68002B02D1FB7F042B01D032
:10D940000223F5E1BB68002B05D07B68002B02D0D9
:10D950007B88002B01D10123EAE1FB6893F85C305E
:10D96000012B01D10223E3E1FB68012283F85C2053
:10D97000FB6893F85D30DBB2042B03D0FB68052213
:10D9800083F85D20FB6800221A66FB687A681A64D7
:10D99000FB687A88A3F84620FB687A88A3F84420BD
:10D9A000FB68BA689A63FB687A88DA87FB687A88CA
:10D9B0009A87FB680022DA64FB6800221A65FB681C
:10D9C000DB68B3F5E06F02D8BB8A012B08D9FB688E
:10D9D0001B685A68FB681B6822F480525A6007E093
:10D9E000FB681B685A68FB681B6842F480525A60E7
:10D9F000FB681B681B6803F04003402B07D0FB68E3
:10DA00001B681A68FB681B6842F040021A60FB68DA
:10DA1000DB68B3F5E06F40F28580FB685B68002B44
:10DA200002D0FB8A012B6FD1FB689B6B1A88FB68C5
:10DA30001B68DA60FB689B6B9A1CFB689A63FB6847
:10DA4000DB8F9BB2013B9AB2FB68DA875CE0FB6834
:10DA50001B689B6803F00203022B1BD1FB68DB8F62
:10DA60009BB2002B16D07B6A012B13D1FB689B6BFA
:10DA70001A88FB681B68DA60FB689B6B9A1CFB6862
:10DA80009A63FB68DB8F9BB2013B9AB2FB68DA8733
:10DA900000237B62FB681B689B6803F00103012B7A
:10DAA0001CD1FB68B3F846309BB2002B16D0FB6844
:10DAB0001B68DA68FB681B6C92B21A80FB681B6CEF
:10DAC0009A1CFB681A64FB68B3F846309BB2013BB2
:10DAD0009AB2FB68A3F8462001237B62F8F708F9A5
:10DAE00002463B6AD31A3A6B9A420DD83B6BB3F1AC
:10DAF000FF3F09D0FB68012283F85D20FB6800220C
:10DB000083F85C20032313E1FB68DB8F9BB2002BBF
:10DB10009DD1FB68B3F846309BB2002B97D1E7E06C
:10DB2000047B0108FB685B68002B03D0FB8A012B98
:10DB300040F0D180FB68DB8F9BB2012B12D9FB68D0
:10DB40009B6B1A88FB681B68DA60FB689B6B9A1CEE
:10DB5000FB689A63FB68DB8F9BB2023B9AB2FB685F
:10DB6000DA87B8E0FB689A6BFB681B680C331278A5
:10DB70001A70FB689B6B5A1CFB689A63FB68DB8F0F
:10DB80009BB2013B9AB2FB68DA87A4E0FB681B6892
:10DB90009B6803F00203022B34D1FB68DB8F9BB23E
:10DBA000002B2FD07B6A012B2CD1FB68DB8F9BB223
:10DBB000012B12D9FB689B6B1A88FB681B68DA6023
:10DBC000FB689B6B9A1CFB689A63FB68DB8F9BB2BC
:10DBD000023B9AB2FB68DA8712E0FB689A6BFB683B
:10DBE0001B680C3312781A70FB689B6B5A1CFB681D
:10DBF0009A63FB68DB8F9BB2013B9AB2FB68DA87C2
:10DC000000237B62FB681B689B6803F00103012B08
:10DC100048D1FB68B3F846309BB2002B42D0FB687A
:10DC2000B3F846309BB2012B23D9FB681B68DA6836
:10DC3000FB681B6C92B21A80FB681B6C9A1CFB6819
:10DC40001A64FB68B3F846309BB2023B9AB2FB6899
:10DC5000A3F84620FB68B3F846309BB2012B1FD8CF
:10DC6000FB681B685A68FB681B6842F480525A6064
:10DC700016E0FB681B6803F10C02FB681B6C127852
:10DC8000D2B21A70FB681B6C5A1CFB681A64FB68E2
:10DC9000B3F846309BB2013B9AB2FB68A3F846202A
:10DCA00001237B62F8F724F802463B6AD31A3A6BE9
:10DCB0009A4203D83B6BB3F1FF3F02D13B6B002B81
:10DCC00009D1FB68012283F85D20FB68002283F8FC
:10DCD0005C2003232CE0FB68DB8F9BB2002B7FF4DE
:10DCE00055AFFB68B3F846309BB2002B7FF44EAFC4
:10DCF0003A6A396BF86800F095F90346002B08D0B2
:10DD0000FB6820221A66FB68002283F85C2001234E
:10DD10000EE0FB68012283F85D20FB68002283F897
:10DD20005C20FB681B6E002B01D0012300E0002368
:10DD300018462837BD4680BD80B588B000AFF86072
:10DD4000B9603B601346FB71F7F7D2FF0246BB6A2E
:10DD50009B1A3A681344FB61F7F7CAFFB861394B65
:10DD60001B685B011B0DFA6902FB03F37B6154E046
:10DD70003B68B3F1FF3F50D0F7F7BAFF0246BB69EB
:10DD8000D31AFA699A4202D9FB69002B3DD1FB688C
:10DD90001B685A68FB681B6822F0E0025A60FB6847
:10DDA0005B68B3F5827F11D1FB689B68B3F5004FC8
:10DDB00004D0FB689B68B3F5806F07D1FB681B68D4
:10DDC0001A68FB681B6822F040021A60FB689B6AB5
:10DDD000B3F5005F0FD1FB681B681A68FB681B680E
:10DDE00022F400521A60FB681B681A68FB681B6803
:10DDF00042F400521A60FB68012283F85D20FB6840
:10DE0000002283F85C20032317E07B69002B01D1FB
:10DE10000023FB617B69013B7B61FB681B689A689F
:10DE2000BB681340BA689A420CBF01230023DBB2DF
:10DE30001A46FB799A429BD1002318462037BD46EB
:10DE400080BD00BF9C00002080B58AB000AFF860A4
:10DE5000B9607A603B600023FB75F7F749FF024623
:10DE60003B6B9B1A3A6813447B62F7F741FF3862B9
:10DE7000FB681B680C33FB613D4B1A6813469B0023
:10DE80001344DA00D31A1B0D7A6A02FB03F3BB6159
:10DE900060E0BB68B3F5C06F07D17B68002B04D18D
:10DEA000FB691B78DBB2FB75FB7D3B68B3F1FF3F81
:10DEB00050D0F7F71DFF02463B6AD31A7A6A9A429E
:10DEC00002D97B6A002B3DD1FB681B685A68FB684E
:10DED0001B6822F0E0025A60FB685B68B3F5827F42
:10DEE00011D1FB689B68B3F5004F04D0FB689B68B9
:10DEF000B3F5806F07D1FB681B681A68FB681B6865
:10DF000022F040021A60FB689B6AB3F5005F0FD1F4
:10DF1000FB681B681A68FB681B6822F400521A60D1
:10DF2000FB681B681A68FB681B6842F400521A60A1
:10DF3000FB68012283F85D20FB68002283F85C20E7
:10DF4000032310E0BB69002B01D100237B62BB6976
:10DF5000013BBB61FB681B689A68BB6813407A6829
:10DF60009A4296D1002318462837BD4680BD00BF8F
:10DF70009C00002080B586B002AFF860B9607A607E
:10DF8000FB685B68B3F5827F11D1FB689B68B3F5D2
:10DF9000004F04D0FB689B68B3F5806F07D1FB6826
:10DFA0001B681A68FB681B6822F040021A607B68D5
:10DFB0000093BB6800228021F868FFF7BDFE03468E
:10DFC000002B07D0FB681B6E43F02002FB681A662B
:10DFD000032323E0FB685B68B3F5827F1DD1FB68F8
:10DFE0009B68B3F5004F04D0FB689B68B3F5806F66
:10DFF00013D17B680093BB6800224FF4C061F868BE
:10E00000FFF722FF0346002B07D0FB681B6E43F08F
:10E010002002FB681A66032300E00023184610372D
:10E02000BD4680BD80B586B002AFF860B9607A6049
:10E030007B680093BB6800224FF4C051F868FFF77B
:10E0400003FF0346002B07D0FB681B6E43F0200242
:10E05000FB681A66032327E07B680093BB680022F5
:10E060008021F868FFF768FE0346002B07D0FB68A5
:10E070001B6E43F02002FB681A66032314E07B68E2
:10E080000093BB6800224FF4C061F868FFF7DCFE24
:10E090000346002B07D0FB681B6E43F02002FB6891
:10E0A0001A66032300E0002318461037BD4680BDE2
:10E0B00080B582B000AF78607B68002B01D101236E
:10E0C000E6E07B681B68744A934236D07B681B6825
:10E0D000B3F1804F31D07B681B68704A93422CD0DB
:10E0E0007B681B686E4A934227D07B681B686D4A29
:10E0F000934222D07B681B686B4A93421DD07B6899
:10E100001B686A4A934218D07B681B68684A93422E
:10E1100013D07B681B68674A93420ED07B681B68EC
:10E12000654A934209D07B681B68644A934204D0D5
:10E130004FF48B716248F6F7C1FB7B689B68002B3C
:10E1400014D07B689B68102B10D07B689B68202BB9
:10E150000CD07B689B68402B08D07B689B68602B49
:10E1600004D040F217115648F6F7A8FB7B681B69EC
:10E17000002B0ED07B681B69B3F5807F09D07B68CC
:10E180001B69B3F5007F04D04FF48C714C48F6F74F
:10E1900095FB7B681B68B3F1804F04D07B681B68DC
:10E1A000404A934207D17B68DB68002B14BF0123F0
:10E1B0000023DBB20EE07B68DB68002B06D07B68B7
:10E1C000DB68B3F5803F01D2012300E0002303F0B8
:10E1D0000103DBB2002B04D140F219113848F6F7E5
:10E1E0006DFB7B689B69002B08D07B689B69802B4B
:10E1F00004D04FF48D713248F6F760FB7B6893F8DA
:10E200003D30DBB2002B06D17B68002283F83C2036
:10E210007868F7F777F97B68022283F83D207B68FE
:10E220001A687B6804331946104601F061FE7B686A
:10E23000012283F848207B68012283F83E207B6816
:10E24000012283F83F207B68012283F840207B680D
:10E25000012283F841207B68012283F842207B68F9
:10E26000012283F843207B68012283F844207B68E5
:10E27000012283F845207B68012283F846207B68D1
:10E28000012283F847207B68012283F83D20002388
:10E2900018460837BD4680BD002C014000040040F0
:10E2A00000080040000C0040001000400014004036
:10E2B000003401400040014000440140004801405A
:10E2C0003C7B010880B582B000AF78607B681B683A
:10E2D000484A934236D07B681B68B3F1804F31D0F7
:10E2E0007B681B68444A93422CD07B681B68434A76
:10E2F000934227D07B681B68414A934222D07B68B7
:10E300001B68404A93421DD07B681B683E4A93427B
:10E3100018D07B681B683D4A934213D07B681B680A
:10E320003B4A93420ED07B681B683A4A934209D01D
:10E330007B681B68384A934204D04FF4A671374873
:10E34000F6F7BCFA7B68022283F83D207B681B68E5
:10E350001A6A41F211131340002B0FD17B681B681E
:10E360001A6A40F244431340002B07D17B681B68B4
:10E370001A687B681B6822F001021A607868F7F758
:10E38000DFF97B68002283F848207B68002283F84D
:10E390003E207B68002283F83F207B68002283F8C0
:10E3A00040207B68002283F841207B68002283F8AC
:10E3B00042207B68002283F843207B68002283F898
:10E3C00044207B68002283F845207B68002283F884
:10E3D00046207B68002283F847207B68002283F870
:10E3E0003D207B68002283F83C2000231846083734
:10E3F000BD4680BD002C01400004004000080040E4
:10E40000000C0040001000400014004000340140A7
:10E410000040014000440140004801403C7B0108AD
:10E4200080B584B000AF78607B681B684A4A93422D
:10E4300036D07B681B68B3F1804F31D07B681B6896
:10E44000464A93422CD07B681B68454A934227D0AA
:10E450007B681B68434A934222D07B681B68424A10
:10E4600093421DD07B681B68404A934218D07B685A
:10E470001B683F4A934213D07B681B683D4A934216
:10E480000ED07B681B683C4A934209D07B681B68AE
:10E490003A4A934204D040F2D3113948F6F70EFAC3
:10E4A0007B6893F83D30DBB2012B01D001234FE0B4
:10E4B0007B68022283F83D207B681B68DA687B68F2
:10E4C0001B6842F00102DA607B681B68224A9342B3
:10E4D0001DD07B681B68B3F1804F18D07B681B6828
:10E4E0001E4A934213D07B681B681D4A93420ED08C
:10E4F0007B681B681B4A934209D07B681B681C4AD7
:10E50000934204D07B681B681A4A934215D17B68FA
:10E510001B689A681B4B1340FB60FB68062B15D0E9
:10E52000FB68B3F5803F11D07B681B681A687B6875
:10E530001B6842F001021A6008E07B681B681A68D9
:10E540007B681B6842F001021A6000E000BF0023F4
:10E5500018461037BD4680BD002C01400004004025
:10E5600000080040000C0040001000400014004073
:10E570000034014000400140004401400048014097
:10E580003C7B01080700010080B582B000AF7860D5
:10E590007B681B68314A934236D07B681B68B3F1B5
:10E5A000804F31D07B681B682D4A93422CD07B680A
:10E5B0001B682C4A934227D07B681B682A4A9342E7
:10E5C00022D07B681B68294A93421DD07B681B6858
:10E5D000274A934218D07B681B68264A934213D07F
:10E5E0007B681B68244A93420ED07B681B68234AD1
:10E5F000934209D07B681B68214A934204D040F2C1
:10E60000FB112048F6F75AF97B681B68DA687B68CB
:10E610001B6822F00102DA607B681B681A6A41F20B
:10E6200011131340002B0FD17B681B681A6A40F24C
:10E6300044431340002B07D17B681B681A687B6832
:10E640001B6822F001021A607B68012283F83D20DA
:10E65000002318460837BD4680BD00BF002C01408E
:10E660000004004000080040000C00400010004082
:10E6700000140040003401400040014000440140CB
:10E68000004801403C7B010880B582B000AF786053
:10E690007B68002B01D10123E6E07B681B68744A8C
:10E6A000934236D07B681B68B3F1804F31D07B68D2
:10E6B0001B68704A93422CD07B681B686E4A934259
:10E6C00027D07B681B686D4A934222D07B681B6809
:10E6D0006B4A93421DD07B681B686A4A934218D0EC
:10E6E0007B681B68684A934213D07B681B68674A43
:10E6F00093420ED07B681B68654A934209D07B68C1
:10E700001B68644A934204D040F233516248F6F7E2
:10E71000D5F87B689B68002B14D07B689B68102B16
:10E7200010D07B689B68202B0CD07B689B68402BAB
:10E7300008D07B689B68602B04D040F23451564867
:10E74000F6F7BCF87B681B69002B0ED07B681B6951
:10E75000B3F5807F09D07B681B69B3F5007F04D0D7
:10E7600040F235514C48F6F7A9F87B681B68B3F1C5
:10E77000804F04D07B681B68404A934207D17B6876
:10E78000DB68002B14BF01230023DBB20EE07B68A3
:10E79000DB68002B06D07B68DB68B3F5803F01D2D5
:10E7A000012300E0002303F00103DBB2002B04D1BE
:10E7B00040F236513848F6F781F87B689B69002BA8
:10E7C00008D07B689B69802B04D040F237513248D7
:10E7D000F6F774F87B6893F83D30DBB2002B06D176
:10E7E0007B68002283F83C20786800F005F97B689C
:10E7F000022283F83D207B681A687B68043319463F
:10E80000104601F075FB7B68012283F848207B6885
:10E81000012283F83E207B68012283F83F207B6839
:10E82000012283F840207B68012283F841207B6825
:10E83000012283F842207B68012283F843207B6811
:10E84000012283F844207B68012283F845207B68FD
:10E85000012283F846207B68012283F847207B68E9
:10E86000012283F83D20002318460837BD4680BDAD
:10E87000002C01400004004000080040000C004053
:10E8800000100040001400400034014000400140EE
:10E8900000440140004801403C7B010880B582B043
:10E8A00000AF78607B681B68484A934236D07B682B
:10E8B0001B68B3F1804F31D07B681B68444A934298
:10E8C0002CD07B681B68434A934227D07B681B6827
:10E8D000414A934222D07B681B68404A93421DD034
:10E8E0007B681B683E4A934218D07B681B683D4A90
:10E8F000934213D07B681B683B4A93420ED07B68DF
:10E900001B683A4A934209D07B681B68384A934295
:10E9100004D040F269513748F5F7D0FF7B680222F6
:10E9200083F83D207B681B681A6A41F2111313407B
:10E93000002B0FD17B681B681A6A40F244431340D6
:10E94000002B07D17B681B681A687B681B6822F064
:10E9500001021A60786800F059F87B68002283F899
:10E9600048207B68002283F83E207B68002283F8E1
:10E970003F207B68002283F840207B68002283F8D8
:10E9800041207B68002283F842207B68002283F8C4
:10E9900043207B68002283F844207B68002283F8B0
:10E9A00045207B68002283F846207B68002283F89C
:10E9B00047207B68002283F83D207B68002283F893
:10E9C0003C20002318460837BD4680BD002C01407E
:10E9D0000004004000080040000C0040001000400F
:10E9E0000014004000340140004001400044014058
:10E9F000004801403C7B010880B483B000AF7860E0
:10EA000000BF0C37BD465DF8047B704780B483B00F
:10EA100000AF786000BF0C37BD465DF8047B7047DF
:10EA200080B584B000AF786039607B681B68854A28
:10EA3000934215D13B68002B00F08D803B68042B7E
:10EA400000F089803B68082B00F085803B680C2B28
:10EA500000F081803B68102B7DD03B68142B7AD06E
:10EA60007B681B68B3F1804F0BD13B68002B72D0E1
:10EA70003B68042B6FD03B68082B6CD03B680C2B99
:10EA800069D07B681B68704A93420BD13B68002BAE
:10EA900061D03B68042B5ED03B68082B5BD03B68A1
:10EAA0000C2B58D07B681B68684A93420BD13B689B
:10EAB000002B50D03B68042B4DD03B68082B4AD02C
:10EAC0003B680C2B47D07B681B68614A93420BD193
:10EAD0003B68002B3FD03B68042B3CD03B68082BA5
:10EAE00039D03B680C2B36D07B681B68594A93425F
:10EAF00011D13B68002B2ED03B68042B2BD03B68F8
:10EB0000082B28D03B680C2B25D03B68102B22D03B
:10EB10003B68142B1FD07B681B684F4A934205D17A
:10EB20003B68002B17D03B68042B14D07B681B6814
:10EB30004A4A934202D13B68002B0CD07B681B6889
:10EB4000474A934202D13B68002B04D040F2BC51AB
:10EB50004448F5F7B3FE3B68002B09D17B6893F876
:10EB60003E30DBB2012B14BF01230023DBB23CE0BB
:10EB70003B68042B09D17B6893F83F30DBB2012B53
:10EB800014BF01230023DBB22FE03B68082B09D11F
:10EB90007B6893F84030DBB2012B14BF01230023C4
:10EBA000DBB222E03B680C2B09D17B6893F8413043
:10EBB000DBB2012B14BF01230023DBB215E03B685D
:10EBC000102B09D17B6893F84230DBB2012B14BFC4
:10EBD00001230023DBB208E07B6893F84330DBB20B
:10EBE000012B14BF01230023DBB2002B01D0012332
:10EBF000AFE03B68002B04D17B68022283F83E2003
:10EC000036E03B68042B04D17B68022283F83F2066
:10EC10002EE03B68082B04D17B68022283F8402059
:10EC200026E03B680C2B04D17B68022283F841204C
:10EC30001EE03B68102B17D17B68022283F842202C
:10EC400016E000BF002C0140000400400008004016
:10EC5000000C0040003401400040014000440140ED
:10EC6000004801403C7B01087B68022283F8432076
:10EC70007B681B6801223968184602F005F87B683A
:10EC80001B68364A934213D07B681B68344A934210
:10EC90000ED07B681B68334A934209D07B681B689F
:10ECA000314A934204D07B681B68304A934201D1B9
:10ECB000012300E00023002B07D07B681B685A6CFF
:10ECC0007B681B6842F400425A647B681B68234AD5
:10ECD00093421DD07B681B68B3F1804F18D07B68CE
:10ECE0001B68234A934213D07B681B68214A9342D6
:10ECF0000ED07B681B68204A934209D07B681B6852
:10ED0000174A934204D07B681B68164A934215D178
:10ED10007B681B689A68194B1340FB60FB68062BE5
:10ED200015D0FB68B3F5803F11D07B681B681A686B
:10ED30007B681B6842F001021A6008E07B681B6870
:10ED40001A687B681B6842F001021A6000E000BF8D
:10ED5000002318461037BD4680BD00BF002C01407F
:10ED6000003401400040014000440140004801409F
:10ED70000004004000080040000C004007000100B3
:10ED800080B582B000AF786039607B681B688D4ABF
:10ED9000934215D13B68002B00F08D803B68042B1B
:10EDA00000F089803B68082B00F085803B680C2BC5
:10EDB00000F081803B68102B7DD03B68142B7AD00B
:10EDC0007B681B68B3F1804F0BD13B68002B72D07E
:10EDD0003B68042B6FD03B68082B6CD03B680C2B36
:10EDE00069D07B681B68784A93420BD13B68002B43
:10EDF00061D03B68042B5ED03B68082B5BD03B683E
:10EE00000C2B58D07B681B68704A93420BD13B682F
:10EE1000002B50D03B68042B4DD03B68082B4AD0C8
:10EE20003B680C2B47D07B681B68694A93420BD127
:10EE30003B68002B3FD03B68042B3CD03B68082B41
:10EE400039D03B680C2B36D07B681B68614A9342F3
:10EE500011D13B68002B2ED03B68042B2BD03B6894
:10EE6000082B28D03B680C2B25D03B68102B22D0D8
:10EE70003B68142B1FD07B681B68574A934205D10F
:10EE80003B68002B17D03B68042B14D07B681B68B1
:10EE9000524A934202D13B68002B0CD07B681B681E
:10EEA0004F4A934202D13B68002B04D040F2F2510A
:10EEB0004C48F5F703FD7B681B680022396818464B
:10EEC00001F0E2FE7B681B683E4A934213D07B68E8
:10EED0001B68404A93420ED07B681B683E4A9342AF
:10EEE00009D07B681B683D4A934204D07B681B684D
:10EEF0003B4A934201D1012300E00023002B17D0AD
:10EF00007B681B681A6A41F211131340002B0FD162
:10EF10007B681B681A6A40F244431340002B07D1F8
:10EF20007B681B685A6C7B681B6822F400425A6439
:10EF30007B681B681A6A41F211131340002B0FD132
:10EF40007B681B681A6A40F244431340002B07D1C8
:10EF50007B681B681A687B681B6822F001021A60D4
:10EF60003B68002B04D17B68012283F83E2023E01C
:10EF70003B68042B04D17B68012283F83F201BE00F
:10EF80003B68082B04D17B68012283F8402013E002
:10EF90003B680C2B04D17B68012283F841200BE0F5
:10EFA0003B68102B04D17B68012283F8422003E0E8
:10EFB0007B68012283F84320002318460837BD46AA
:10EFC00080BD00BF002C014000040040000800404C
:10EFD000000C00400034014000400140004401406A
:10EFE000004801403C7B010880B584B000AF7860E8
:10EFF0007B681B68DB68FB607B681B681B69BB6008
:10F00000BB6803F00203002B20D0FB6803F002036F
:10F01000002B1BD07B681B686FF002021A617B68B3
:10F0200001221A777B681B689B6903F00303002B9E
:10F0300003D0786800F03EFF05E0786800F030FF0C
:10F04000786800F041FF7B6800221A77BB6803F004
:10F050000403002B20D0FB6803F00403002B1BD01B
:10F060007B681B686FF004021A617B6802221A77C2
:10F070007B681B689B6903F44073002B03D078689E
:10F0800000F018FF05E0786800F00AFF786800F0EB
:10F090001BFF7B6800221A77BB6803F00803002B74
:10F0A00020D0FB6803F00803002B1BD07B681B6893
:10F0B0006FF008021A617B6804221A777B681B686C
:10F0C000DB6903F00303002B03D0786800F0F2FE45
:10F0D00005E0786800F0E4FE786800F0F5FE7B68F3
:10F0E00000221A77BB6803F01003002B20D0FB68C6
:10F0F00003F01003002B1BD07B681B686FF010021D
:10F100001A617B6808221A777B681B68DB6903F445
:10F110004073002B03D0786800F0CCFE05E07868DF
:10F1200000F0BEFE786800F0CFFE7B6800221A7700
:10F13000BB6803F00103002B0CD0FB6803F0010354
:10F14000002B07D07B681B686FF001021A6178689A
:10F15000F5F732FBBB6803F08003002B04D1BB68DA
:10F1600003F40053002B0CD0FB6803F08003002B4A
:10F1700007D07B681B686FF402521A61786802F04E
:10F1800093F8BB6803F48073002B0CD0FB6803F08A
:10F190008003002B07D07B681B686FF480721A61B4
:10F1A000786802F08BF8BB6803F04003002B0CD0AA
:10F1B000FB6803F04003002B07D07B681B686FF0EF
:10F1C00040021A61786800F089FEBB6803F02003F2
:10F1D000002B0CD0FB6803F02003002B07D07B68CA
:10F1E0001B686FF020021A61786802F053F800BFC4
:10F1F0001037BD4680BD000080B586B000AFF86016
:10F20000B9607A600023FB757B68002B16D07B68A1
:10F21000042B13D07B68082B10D07B680C2B0DD0EF
:10F220007B68102B0AD07B68142B07D07B683C2BA3
:10F2300004D041F2B3018B48F5F740FBBB681B6873
:10F24000602B1CD0BB681B68702B18D0BB681B6878
:10F25000854A934213D0BB681B68844A93420ED000
:10F26000BB681B68824A934209D0BB681B68814A0D
:10F27000934204D041F2B4017A48F5F71FFBBB6812
:10F280009B68002B08D0BB689B68022B04D041F21E
:10F29000B5017448F5F712FBBB681B69002B08D059
:10F2A000BB681B69042B04D041F2B6016D48F5F729
:10F2B00005FBFB6893F83C30012B01D10223D9E117
:10F2C000FB68012283F83C207B68142B00F2CA8182
:10F2D00001A252F823F000BF2DF3000865F60008E4
:10F2E00065F6000865F60008D1F3000865F6000829
:10F2F00065F6000865F6000899F4000865F6000850
:10F3000065F6000865F600081FF5000865F60008B8
:10F3100065F6000865F60008A7F5000865F6000820
:10F3200065F6000865F6000805F60008FB681B682E
:10F33000514A93422CD0FB681B68B3F1804F27D011
:10F34000FB681B684D4A934222D0FB681B684C4AFD
:10F3500093421DD0FB681B684A4A934218D0FB6851
:10F360001B68494A934213D0FB681B68474A934283
:10F370000ED0FB681B68464A934209D0FB681B68A5
:10F38000444A934204D04FF486513648F5F796FA32
:10F39000FB681B68B968184600F050FEFB681B68E4
:10F3A0009A69FB681B6842F008029A61FB681B6857
:10F3B0009A69FB681B6822F004029A61FB681B686B
:10F3C0009969BB681A69FB681B680A439A614CE13A
:10F3D000FB681B68284A934222D0FB681B68B3F184
:10F3E000804F1DD0FB681B68244A934218D0FB68ED
:10F3F0001B68234A934213D0FB681B68214A93423F
:10F400000ED0FB681B68204A934209D0FB681B683A
:10F410001E4A934204D041F2D1011248F5F74EFA48
:10F42000FB681B68B968184600F0C2FEFB681B68E1
:10F430009A69FB681B6842F400629A61FB681B686A
:10F440009A69FB681B6822F480629A61FB681B68FA
:10F450009969BB681B691A02FB681B680A439A61B9
:10F4600003E100BF3C7B01084000010050000100A7
:10F470006000010070000100002C01400004004009
:10F4800000080040000C00400034014000400140F2
:10F490000044014000480140FB681B68774A9342E2
:10F4A0001DD0FB681B68B3F1804F18D0FB681B6848
:10F4B000734A934213D0FB681B68724A93420ED082
:10F4C000FB681B68704A934209D0FB681B686F4A4F
:10F4D000934204D041F2E2016D48F5F7EFF9FB6881
:10F4E0001B68B968184600F015FFFB681B68DA69ED
:10F4F000FB681B6842F00802DA61FB681B68DA6986
:10F50000FB681B6822F00402DA61FB681B68D9699A
:10F51000BB681A69FB681B680A43DA61A5E0FB68EF
:10F520001B68564A93421DD0FB681B68B3F1804F9D
:10F5300018D0FB681B68524A934213D0FB681B68C3
:10F54000504A93420ED0FB681B684F4A934209D041
:10F55000FB681B684D4A934204D041F2F3014C48CA
:10F56000F5F7ACF9FB681B68B968184600F084FF32
:10F57000FB681B68DA69FB681B6842F40062DA61A9
:10F58000FB681B68DA69FB681B6822F48062DA6139
:10F59000FB681B68D969BB681B691A02FB681B689A
:10F5A0000A43DA6161E0FB681B68344A934209D080
:10F5B000FB681B68354A934204D041F20411344879
:10F5C000F5F77CF9FB681B68B968184600F0CCFFBA
:10F5D000FB681B685A6DFB681B6842F008025A659D
:10F5E000FB681B685A6DFB681B6822F004025A65B1
:10F5F000FB681B68596DBB681A69FB681B680A4386
:10F600005A6532E0FB681B681C4A934209D0FB68CC
:10F610001B681E4A934204D041F215111C48F5F7AD
:10F620004DF9FB681B68B968184601F001F8FB68E2
:10F630001B685A6DFB681B6842F400625A65FB68E0
:10F640001B685A6DFB681B6822F480625A65FB6870
:10F650001B68596DBB681B691A02FB681B680A436B
:10F660005A6502E00123FB7500BFFB68002283F8A6
:10F670003C20FB7D18461837BD4680BD002C01405C
:10F680000004004000080040000C0040003401402D
:10F690003C7B010880B584B000AF786039600023FE
:10F6A000FB737B6893F83C30012B01D1022329E3E3
:10F6B0007B68012283F83C207B68022283F83D208E
:10F6C0003B681B68B3F5805F29D03B681B68702BD3
:10F6D00025D03B681B68B3F5005F20D03B681B68F2
:10F6E000402B1CD03B681B68502B18D03B681B6814
:10F6F000602B14D03B681B68002B10D03B681B6844
:10F70000102B0CD03B681B68202B08D03B681B6873
:10F71000302B04D041F256518848F5F7CFF87B687A
:10F720001B689B68BB60BB6823F4803323F07703BE
:10F73000BB60BB6823F47F43BB607B681B68BA680F
:10F740009A603B681B68B3F5005F00F00D81B3F56C
:10F75000005F00F2CA82B3F5805F2DD0B3F5805F01
:10F7600000F2C382702B6FD0702B00F2BE82602B30
:10F7700000F0D481602B00F2B882502B00F065813C
:10F78000502B00F2B282402B00F02382402B00F27B
:10F79000AC82302B00F07882302B00F2A682202B36
:10F7A00000F07282202B00F2A082002B00F06C820D
:10F7B000102B00F0698298E27B681B68604A9342D4
:10F7C00000F096827B681B68B3F1804F00F0908256
:10F7D0007B681B685B4A934200F08A827B681B68E7
:10F7E000594A934200F084827B681B68574A9342CF
:10F7F00000F07E827B681B68554A934200F0788255
:10F800007B681B68534A934200F072827B681B68D6
:10F81000514A934200F06C827B681B684F4A9342C6
:10F8200000F066827B681B684D4A934200F060825C
:10F830007B681B684B4A934200F05A8241F2625146
:10F840003E48F5F73BF853E27B681B683C4A93421D
:10F8500022D07B681B68B3F1804F1DD07B681B688A
:10F86000384A934218D07B681B68374A934213D0BA
:10F870007B681B68354A93420ED07B681B68364A0A
:10F88000934209D07B681B68344A934204D041F20A
:10F8900069512A48F5F712F83B689B68002B13D092
:10F8A0003B689B68B3F5805F0ED03B689B68B3F5FF
:10F8B000005F09D03B689B68B3F5405F04D041F21C
:10F8C0006C511E48F4F7FAFF3B685B68B3F5004FD4
:10F8D00014D03B685B68002B10D03B685B68002B42
:10F8E0000CD03B685B68022B08D03B685B680A2B36
:10F8F00004D041F26D511148F4F7E0FF3B68DB683A
:10F900000F2B04D941F26E510C48F4F7D7FF7B68F6
:10F9100018683B6899683B685A683B68DB6801F087
:10F9200093F97B681B689B68BB60BB6843F07703F7
:10F93000BB607B681B68BA689A60DAE13C7B0108AF
:10F94000002C01400004004000080040000C004072
:10F95000001000400014004000340140004001400D
:10F9600000440140004801407B681B68644A9342A0
:10F970001DD07B681B68B3F1804F18D07B681B6873
:10F98000604A934213D07B681B685F4A93420ED053
:10F990007B681B685D4A934209D07B681B685C4AA0
:10F9A000934204D041F281515A48F4F787FF3B68F3
:10F9B0009B68002B13D03B689B68B3F5805F0ED02B
:10F9C0003B689B68B3F5005F09D03B689B68B3F563
:10F9D000405F04D041F284514E48F4F76FFF3B681A
:10F9E0005B68B3F5004F14D03B685B68002B10D008
:10F9F0003B685B68002B0CD03B685B68022B08D02F
:10FA00003B685B680A2B04D041F285514148F4F70A
:10FA100055FF3B68DB680F2B04D941F286513D4806
:10FA2000F4F74CFF7B6818683B6899683B685A6834
:10FA30003B68DB6801F008F97B681B689A687B68A3
:10FA40001B6842F480429A6053E17B681B682C4A31
:10FA5000934222D07B681B68B3F1804F1DD07B6836
:10FA60001B68284A934218D07B681B68264A934239
:10FA700013D07B681B68254A93420ED07B681B68B5
:10FA8000234A934209D07B681B68234A934204D0DF
:10FA900041F295511F48F4F711FF3B685B68B3F5DD
:10FAA000004F14D03B685B68002B10D03B685B684C
:10FAB000002B0CD03B685B68022B08D03B685B686E
:10FAC0000A2B04D041F298511248F4F7F7FE3B6834
:10FAD000DB680F2B04D941F299510E48F4F7EEFE82
:10FAE0007B6818683B6859683B68DB681A4601F018
:10FAF00031F87B681B685021184601F08AF8F8E05D
:10FB0000002C01400004004000080040000C0040B0
:10FB1000003401403C7B0108004001407B681B68C9
:10FB20007A4A934222D07B681B68B3F1804F1DD084
:10FB30007B681B68764A934218D07B681B68754ABD
:10FB4000934213D07B681B68734A93420ED07B6844
:10FB50001B68724A934209D07B681B68704A9342C3
:10FB600004D041F2A5516F48F4F7A8FE3B685B68EA
:10FB7000B3F5004F14D03B685B68002B10D03B6896
:10FB80005B68002B0CD03B685B68022B08D03B689D
:10FB90005B680A2B04D041F2A8516248F4F78EFE4C
:10FBA0003B68DB680F2B04D941F2A9515D48F4F79B
:10FBB00085FE7B6818683B6859683B68DB681A46B5
:10FBC00000F0F7FF7B681B686021184601F021F800
:10FBD0008FE07B681B684D4A934222D07B681B688C
:10FBE000B3F1804F1DD07B681B68494A934218D0FF
:10FBF0007B681B68474A934213D07B681B68464A60
:10FC000093420ED07B681B68444A934209D07B68BC
:10FC10001B68434A934204D041F2B5514148F4F77E
:10FC20004DFE3B685B68B3F5004F14D03B685B68E2
:10FC3000002B10D03B685B68002B0CD03B685B68E6
:10FC4000022B08D03B685B680A2B04D041F2B85104
:10FC50003448F4F733FE3B68DB680F2B04D941F2DC
:10FC6000B9513048F4F72AFE7B6818683B68596838
:10FC70003B68DB681A4600F06DFF7B681B6840211B
:10FC8000184600F0C6FF34E07B681B681F4A9342A9
:10FC900022D07B681B68B3F1804F1DD07B681B6846
:10FCA0001B4A934218D07B681B681A4A934213D0B0
:10FCB0007B681B68184A93420ED07B681B68174A02
:10FCC000934209D07B681B68154A934204D041F2E5
:10FCD000C8511448F4F7F2FD7B681A683B681B684A
:10FCE0001946104600F095FF03E00123FB7300E086
:10FCF00000BF7B68012283F83D207B68002283F8E7
:10FD00003C20FB7B18461037BD4680BD002C0140CF
:10FD10000004004000080040000C00400034014096
:10FD2000004001403C7B010880B582B000AF7860A4
:10FD300039607B681B68534A934222D07B681B68FA
:10FD4000B3F1804F1DD07B681B684F4A934218D097
:10FD50007B681B684D4A934213D07B681B684C4AF2
:10FD600093420ED07B681B684A4A934209D07B6855
:10FD70001B68494A934204D041F208614748F4F7AE
:10FD80009DFD3B681B68002B19D03B681B68042B4A
:10FD900015D03B681B68052B11D03B681B68062BF0
:10FDA0000DD03B681B68072B09D03B681B68B3F577
:10FDB000803F04D041F209613848F4F77FFD3B6889
:10FDC0005B68002B20D03B685B68102B1CD03B6825
:10FDD0005B68202B18D03B685B68302B14D03B68E5
:10FDE0005B68402B10D03B685B68502B0CD03B68A5
:10FDF0005B68602B08D03B685B68702B04D041F2D5
:10FE00000A612648F4F75AFD7B6893F83C30012BD1
:10FE100001D1022331E07B68012283F83C207B681A
:10FE2000022283F83D203968786800F067FC0346B9
:10FE3000002B09D07B68012283F83D207B680022DB
:10FE400083F83C20012318E07B681B68DA687B6834
:10FE50001B6822F04002DA607B681B68DA687B6806
:10FE60001B6822F48042DA607B68012283F83D201F
:10FE70007B68002283F83C20002318460837BD46E3
:10FE800080BD00BF002C014000040040000800407D
:10FE9000000C004000340140004001403C7B010860
:10FEA00080B483B000AF786000BF0C37BD465DF80A
:10FEB000047B704780B483B000AF786000BF0C371C
:10FEC000BD465DF8047B704780B483B000AF7860B6
:10FED00000BF0C37BD465DF8047B704780B483B02B
:10FEE00000AF786000BF0C37BD465DF8047B7047FB
:10FEF00080B485B000AF786039607B681B68FB60B8
:10FF00007B68464A934213D07B68B3F1804F0FD091
:10FF10007B68434A93420BD07B68424A934207D0A6
:10FF20007B68414A934203D07B68404A934208D1A0
:10FF3000FB6823F07003FB603B685B68FA6813435F
:10FF4000FB607B68354A93421FD07B68B3F1804FDA
:10FF50001BD07B68324A934217D07B68314A934268
:10FF600013D07B68304A93420FD07B682F4A93426C
:10FF70000BD07B682E4A934207D07B682D4A934270
:10FF800003D07B682C4A934208D1FB6823F440736A
:10FF9000FB603B68DB68FA681343FB60FB6823F097
:10FFA00080023B685B691343FB607B68FA681A60F8
:10FFB0003B689A687B68DA623B681A687B689A6279
:10FFC0007B68164A93420FD07B68184A93420BD045
:10FFD0007B68174A934207D07B68164A934203D046
:10FFE0007B68154A934203D13B681A697B681A63A0
:10FFF0007B6801225A617B681B6903F00103012BB6
:020000040801F1
:1000000005D17B681B6923F001027B681A6100BF80
:100010001437BD465DF8047B704700BF002C0140DB
:100020000004004000080040000C00400034014083
:1000300000400140004401400048014080B586B0C6
:1000400000AF786039607B681B6A7B617B681B6AE4
:1000500023F001027B681A627B685B683B617B6806
:100060009B69FB60FB6823F4803323F07003FB6023
:10007000FB6823F00303FB603B681B68FA681343CB
:10008000FB607B6923F002037B613B689B687A69B4
:1000900013437B617B68404A93420FD07B683F4AA1
:1000A00093420BD07B683E4A934207D07B683D4A1F
:1000B000934203D07B683C4A934219D13B68DB688A
:1000C000002B08D03B68DB68082B04D041F66E316A
:1000D0003648F4F7F3FB7B6923F008037B613B6848
:1000E000DB687A6913437B617B6923F004037B61DE
:1000F0007B68294A93420FD07B68284A93420BD0F1
:100100007B68274A934207D07B68264A934203D0F4
:100110007B68254A93422DD13B689B69B3F5007FEC
:1001200008D03B689B69002B04D041F67B311F4807
:10013000F4F7C4FB3B685B69B3F5807F08D03B688C
:100140005B69002B04D041F67C311848F4F7B6FB0C
:100150003B6923F480733B613B6923F400733B618B
:100160003B685B693A6913433B613B689B693A6949
:1001700013433B617B683A695A607B68FA689A610D
:100180003B685A687B685A637B687A691A6200BF69
:100190001837BD4680BD00BF002C0140003401402F
:1001A0000040014000440140004801403C7B010800
:1001B00080B586B000AF786039607B681B6A7B6170
:1001C0007B681B6A23F010027B681A627B685B689D
:1001D0003B617B689B69FB60FB6823F0807323F4C1
:1001E000E043FB60FB6823F44073FB603B681B68E3
:1001F0001B02FA681343FB607B6923F020037B61D9
:100200003B689B681B017A6913437B617B683B4AAF
:10021000934203D07B683A4A93421AD13B68DB6829
:10022000002B08D03B68DB68082B04D041F6BA31BC
:100230003448F4F743FB7B6923F080037B613B6820
:10024000DB681B017A6913437B617B6923F0400300
:100250007B617B68294A93420FD07B68284A93428E
:100260000BD07B68284A934207D07B68274A934289
:1002700003D07B68264A93422FD13B689B69B3F534
:10028000007F08D03B689B69002B04D041F6C73142
:100290001C48F4F713FB3B685B69B3F5807F08D01B
:1002A0003B685B69002B04D041F6C8311548F4F770
:1002B00005FB3B6923F480633B613B6923F40063E6
:1002C0003B613B685B699B003A6913433B613B6858
:1002D0009B699B003A6913433B617B683A695A60AA
:1002E0007B68FA689A613B685A687B689A637B68A6
:1002F0007A691A6200BF1837BD4680BD002C0140E4
:10030000003401403C7B01080040014000440140B2
:100310000048014080B586B000AF786039607B68E6
:100320001B6A7B617B681B6A23F480727B681A629C
:100330007B685B683B617B68DB69FB60FB6823F47F
:10034000803323F07003FB60FB6823F00303FB6042
:100350003B681B68FA681343FB607B6923F40073F6
:100360007B613B689B681B027A6913437B617B68F6
:100370003B4A934203D07B683A4A93421AD13B6886
:10038000DB68002B08D03B68DB68082B04D041F603
:1003900005413548F4F792FA7B6923F400637B61E9
:1003A0003B68DB681B027A6913437B617B6923F43A
:1003B00080637B617B682A4A93420FD07B68294A1D
:1003C00093420BD07B68294A934207D07B68284A26
:1003D000934203D07B68274A93422FD13B689B69A5
:1003E000B3F5007F08D03B689B69002B04D041F631
:1003F00012411D48F4F762FA3B685B69B3F5807FF0
:1004000008D03B685B69002B04D041F613411648C5
:10041000F4F754FA3B6923F480533B613B6923F4BE
:1004200000533B613B685B691B013A6913433B61C5
:100430003B689B691B013A6913433B617B683A69DE
:100440005A607B68FA68DA613B685A687B68DA63ED
:100450007B687A691A6200BF1837BD4680BD00BF4D
:10046000002C0140003401403C7B01080040014069
:10047000004401400048014080B586B000AF78607C
:1004800039607B681B6A3B617B681B6A23F480527E
:100490007B681A627B685B687B617B68DB69FB60F9
:1004A000FB6823F0807323F4E043FB60FB6823F4D4
:1004B0004073FB603B681B681B02FA681343FB60D8
:1004C0003B6923F400533B613B689B681B033A691B
:1004D00013433B617B681E4A93420FD07B681D4AE1
:1004E00093420BD07B681C4A934207D07B681B4A1F
:1004F000934203D07B681A4A934217D13B685B69E9
:10050000B3F5807F08D03B685B69002B04D041F6CF
:1005100052411448F4F7D2F97B6923F480437B619C
:100520003B685B699B017A6913437B617B687A69ED
:100530005A607B68FA68DA613B685A687B681A64BB
:100540007B683A691A6200BF1837BD4680BD00BF9C
:10055000002C0140003401400040014000440140B3
:10056000004801403C7B010880B487B000AF786050
:1005700039607B681B6A3B617B681B6A23F48032AD
:100580007B681A627B685B687B617B685B6DFB6084
:10059000FB6823F4803323F07003FB603B681B6827
:1005A000FA681343FB603B6923F400333B613B680B
:1005B0009B681B043A6913433B617B68174A93426B
:1005C0000FD07B68164A93420BD07B68154A934242
:1005D00007D07B68144A934203D07B68134A934246
:1005E00009D17B6923F480337B613B685B691B0223
:1005F0007A6913437B617B687A695A607B68FA6821
:100600005A653B685A687B689A657B683A691A62E2
:1006100000BF1C37BD465DF8047B7047002C0140CD
:1006200000340140004001400044014000480140C6
:1006300080B487B000AF786039607B681B6A3B612B
:100640007B681B6A23F480127B681A627B685B6894
:100650007B617B685B6DFB60FB6823F0807323F438
:10066000E043FB603B681B681B02FA681343FB60B6
:100670003B6923F400133B613B689B681B053A69A7
:1006800013433B617B68184A93420FD07B68174A3B
:1006900093420BD07B68164A934207D07B68154A79
:1006A000934203D07B68144A934209D17B6923F4B7
:1006B00080237B613B685B699B027A6913437B61A2
:1006C0007B687A695A607B68FA685A653B685A6841
:1006D0007B68DA657B683A691A6200BF1C37BD46E1
:1006E0005DF8047B704700BF002C014000340140DE
:1006F00000400140004401400048014080B586B000
:1007000000AF786039600023FB757B681B689B68CD
:100710003B613B6923F070033B613B685B683A696E
:1007200013433B613B6923F4803323F007033B61B0
:100730003B681B683A6913433B617B681B683A69F5
:100740009A603B685B68702B27D0702B00F2E781C2
:10075000602B00F06681602B00F2E181502B00F0ED
:100760000181502B00F2DB81402B00F08480402B74
:1007700000F2D581302B00F0A981302B00F2CF811F
:10078000202B00F0A381202B00F2C981002B00F068
:100790009D81102B00F09A81C1E17B681B68684A3B
:1007A000934222D07B681B68B3F1804F1DD07B68D9
:1007B0001B68644A934218D07B681B68624A934264
:1007C00013D07B681B68614A93420ED07B681B681C
:1007D0005F4A934209D07B681B685E4A934204D00B
:1007E00041F6F9415C48F4F769F83B68DB68002B97
:1007F00013D03B68DB68B3F5805F0ED03B68DB68E5
:10080000B3F5005F09D03B68DB68B3F5405F04D007
:1008100041F6FA415048F4F751F83B689B68B3F54C
:10082000004F14D03B689B68002B10D03B689B683E
:10083000002B0CD03B689B68022B08D03B689B6860
:100840000A2B04D041F6FB414348F4F737F83B68E4
:100850001B690F2B04D941F6FC413F48F4F72EF8F1
:100860007B6818683B68D9683B689A683B681B6975
:1008700000F0EAF957E17B681B68314A93422CD0BB
:100880007B681B68B3F1804F27D07B681B682D4ABB
:10089000934222D07B681B682B4A93421DD07B6811
:1008A0001B682A4A934218D07B681B68284A9342E7
:1008B00013D07B681B68274A93420ED07B681B6865
:1008C000264A934209D07B681B68254A934204D08C
:1008D00041F608512048F3F7F1FF3B681B690F2BE5
:1008E00004D941F609511C48F3F7E8FF3B681B683F
:1008F000052B01D1012317E17B681B681B6AFB6094
:100900007B681B681A6A7B681B6822F001021A6206
:100910007B681B689B69BB60BB6823F0F003BB600E
:100920003B681B691B01BA681343BB607B681B688B
:10093000BA689A617B681B68FA681A62F3E000BFC4
:10094000002C01400004004000080040000C004062
:1009500000340140004001403C7B0108004401405C
:10096000004801407B681B68714A93422CD07B6829
:100970001B68B3F1804F27D07B681B686D4A934298
:1009800022D07B681B686C4A93421DD07B681B6831
:100990006A4A934218D07B681B68694A934213D015
:1009A0007B681B68674A93420ED07B681B68664A67
:1009B000934209D07B681B68644A934204D041F695
:1009C00022516348F3F77AFF3B689B68B3F5004F09
:1009D00014D03B689B68002B10D03B689B68002BB1
:1009E0000CD03B689B68022B08D03B689B680A2BA5
:1009F00004D041F623515648F3F760FF3B681B696A
:100A00000F2B04D941F624515148F3F757FF7B6867
:100A100018683B6899683B681B691A4600F09AF8A9
:100A200081E07B681B68424A934222D07B681B6846
:100A3000B3F1804F1DD07B681B683E4A934218D0AB
:100A40007B681B683C4A934213D07B681B683B4A17
:100A500093420ED07B681B68394A934209D07B6869
:100A60001B68384A934204D041F630513848F3F7B6
:100A700025FF3B689B68B3F5004F14D03B689B682B
:100A8000002B10D03B689B68002B0CD03B689B6808
:100A9000022B08D03B689B680A2B04D041F63151E9
:100AA0002B48F3F70BFF3B681B690F2B04D941F66A
:100AB00032512748F3F702FF7B6818683B68996852
:100AC0003B681B691A4600F074F82CE07B681B68D1
:100AD000174A934226D07B681B68B3F1804F21D020
:100AE0007B681B68134A93421CD07B681B68124AC0
:100AF000934217D07B681B68104A934212D07B68E0
:100B00001B680F4A93420DD07B681B680D4A9342C5
:100B100008D041F641510E48F3F7D0FE02E0012320
:100B2000FB7500E000BFFB7D18461837BD4680BD51
:100B3000002C01400004004000080040000C004070
:100B400000340140004001400044014000480140A1
:100B50003C7B010880B487B000AFF860B9607A6070
:100B6000FB681B6A7B61FB681B6A23F00102FB6860
:100B70001A62FB689B693B613B6923F0F0033B61B0
:100B80007B681B013A6913433B617B6923F00A03CD
:100B90007B617A69BB6813437B61FB683A699A6140
:100BA000FB687A691A6200BF1C37BD465DF8047B9A
:100BB000704780B487B000AFF860B9607A60FB68B6
:100BC0001B6A7B61FB681B6A23F01002FB681A62D8
:100BD000FB689B693B613B6923F470433B617B6825
:100BE0001B033A6913433B617B6923F0A0037B61DC
:100BF000BB681B017A6913437B61FB683A699A61A0
:100C0000FB687A691A6200BF1C37BD465DF8047B39
:100C1000704780B485B000AF786039607B689B68AE
:100C2000FB60FB6823F07003FB603A68FB681343CA
:100C300043F00703FB607B68FA689A6000BF1437D3
:100C4000BD465DF8047B704780B487B000AFF860A4
:100C5000B9607A603B60FB689B687B617B6923F4C9
:100C60007F437B613B681A027B681A43BB6813436E
:100C70007A6913437B61FB687A699A6000BF1C370D
:100C8000BD465DF8047B704780B586B000AFF86064
:100C9000B9607A60FB682F4A934224D0FB68B3F1B5
:100CA000804F20D0FB682C4A93421CD0FB682B4A13
:100CB000934218D0FB682A4A934214D0FB68294A11
:100CC000934210D0FB68284A93420CD0FB68274A15
:100CD000934208D0FB68264A934204D041F6AC61A7
:100CE0002448F3F7EBFDBB68002B16D0BB68042B40
:100CF00013D0BB68082B10D0BB680C2B0DD0BB6881
:100D0000102B0AD0BB68142B07D0BB683C2B04D037
:100D100041F6AD611748F3F7D1FDBB6803F01F033F
:100D2000012202FA03F37B61FB681A6A7B69DB43E9
:100D30001A40FB681A62FB681A6ABB6803F01F035B
:100D4000796801FA03F31A43FB681A6200BF183787
:100D5000BD4680BD002C014000040040000800405A
:100D6000000C0040003401400040014000440140BC
:100D7000004801403C7B010880B584B000AF78603A
:100D800039607B681B68344A93422CD07B681B68AF
:100D9000B3F1804F27D07B681B68304A934222D042
:100DA0007B681B682E4A93421DD07B681B682D4AC6
:100DB000934218D07B681B682B4A934213D07B6800
:100DC0001B682A4A93420ED07B681B68284A9342CC
:100DD00009D07B681B68274A934204D040F2AC716B
:100DE0002548F3F76BFD3B681B68002B20D03B6860
:100DF0001B68102B1CD03B681B68202B18D03B684D
:100E00001B68302B14D03B681B68402B10D03B680C
:100E10001B68502B0CD03B681B68602B08D03B68CC
:100E20001B68702B04D040F2AD711348F3F746FDF8
:100E30003B689B68802B08D03B689B68002B04D0E4
:100E400040F2AE710C48F3F739FD7B6893F83C3003
:100E5000012B13D10223D3E0002C014000040040F9
:100E600000080040000C004000100040001400404A
:100E70000034014000400140747B01087B6801227E
:100E800083F83C207B68022283F83D207B681B6846
:100E90005B68FB607B681B689B68BB607B681B684A
:100EA000594A934204D07B681B68584A934261D1E7
:100EB0003B685B68002B54D03B685B68B3F5801FD0
:100EC0004FD03B685B68B3F5001F4AD03B685B6856
:100ED000B3F5401F45D03B685B68B3F5800F40D049
:100EE0003B685B68B3F5A00F3BD03B685B68B3F52C
:100EF000C00F36D03B685B68B3F5C00F31D03B689C
:100F00005B68B3F5E00F2CD03B685B68B3F5000F6E
:100F100027D03B685B68B3F5100F22D03B685B6855
:100F2000B3F5200F1DD03B685B68B3F5300F18D0C8
:100F30003B685B68B3F5400F13D03B685B68B3F563
:100F4000500F0ED03B685B68B3F5600F09D03B686B
:100F50005B68B3F5700F04D04FF4F8612C48F3F7D9
:100F6000ADFCFB6823F47003FB603B685B68FA68C8
:100F70001343FB60FB6823F07003FB603B681B6856
:100F8000FA681343FB607B681B68FA685A607B68E9
:100F90001B681D4A93421DD07B681B68B3F1804FCC
:100FA00018D07B681B681B4A934213D07B681B6870
:100FB000194A93420ED07B681B68184A934209D0A5
:100FC0007B681B68114A934204D07B681B68144AF3
:100FD00093420CD1BB6823F08003BB603B689B68E5
:100FE000BA681343BB607B681B68BA689A607B6809
:100FF000012283F83D207B68002283F83C200023F7
:1010000018461037BD4680BD002C01400034014019
:10101000747B01080004004000080040000C004000
:101020000040014080B584B000AF78603960002393
:10103000FB607B681B68914A934218D07B681B68F1
:101040008F4A934213D07B681B688E4A93420ED01E
:101050007B681B688C4A934209D07B681B688B4A6B
:10106000934204D040F2F5718948F3F727FC3B68BE
:101070001B68B3F5006F08D03B681B68002B04D0D9
:1010800040F2F6718248F3F719FC3B685B68B3F5F0
:10109000806F08D03B685B68002B04D040F2F7718A
:1010A0007B48F3F70BFC3B689B68002B13D03B6835
:1010B0009B68B3F5807F0ED03B689B68B3F5007FDB
:1010C00009D03B689B68B3F5407F04D04FF4FF61C3
:1010D0006F48F3F7F3FB3B68DB68FF2B04D940F262
:1010E000F9716B48F3F7EAFB3B681B69B3F5805F66
:1010F00008D03B681B69002B04D040F2FA716448A9
:10110000F3F7DCFB3B685B69002B09D03B685B694C
:10111000B3F5005F04D040F2FB715D48F3F7CEFBFE
:101120003B689B690F2B04D940F2FC715848F3F7D8
:10113000C5FB3B689B6AB3F5804F08D03B689B6A50
:10114000002B04D040F2FD715148F3F7B7FB7B68E8
:1011500093F83C30012B01D102238AE07B68012205
:1011600083F83C20FB6823F0FF023B68DB681343F5
:10117000FB60FB6823F440723B689B681343FB6091
:10118000FB6823F480623B685B681343FB60FB6889
:1011900023F400623B681B681343FB60FB6823F485
:1011A00080523B681B691343FB60FB6823F40052C9
:1011B0003B685B691343FB60FB6823F480423B6838
:1011C0009B6A1343FB60FB6823F470223B689B69B6
:1011D0001B041343FB607B681B68284A934204D0BE
:1011E0007B681B68264A93423AD13B68DB69B3F1BE
:1011F000807F08D03B68DB69002B04D040F61201E9
:101200002348F3F75BFB3B681B6A002B09D03B6864
:101210001B6AB3F1007F04D040F613011C48F3F7BA
:101220004DFB3B685B6A0F2B04D940F6140118484C
:10123000F3F744FBFB6823F470023B685B6A1B0511
:101240001343FB60FB6823F080723B68DB69134348
:10125000FB60FB6823F000723B681B6A1343FB6072
:101260007B681B68FA685A647B68002283F83C201C
:10127000002318461037BD4680BD00BF002C01403A
:10128000003401400040014000440140004801405A
:10129000747B010880B483B000AF786000BF0C3766
:1012A000BD465DF8047B704780B483B000AF7860C2
:1012B00000BF0C37BD465DF8047B704780B483B037
:1012C00000AF786000BF0C37BD465DF8047B704707
:1012D00080B582B000AF78607B68002B01D101231C
:1012E0008BE07B689B69002B23D07B681B68454A99
:1012F000934241D07B681B68434A93423CD07B6851
:101300001B68424A934237D07B681B68404A93422D
:1013100032D07B681B683F4A93422DD07B681B68A4
:101320003D4A934228D04FF4A9713C48F3F7C6FADE
:1013300022E07B681B68334A93421DD07B681B68A0
:10134000314A934218D07B681B68304A934213D0CD
:101350007B681B682E4A93420ED07B681B682D4A1F
:10136000934209D07B681B682B4A934204D040F219
:1013700057112A48F3F7A2FA7B68DB6F002B06D1DE
:101380007B68002283F878207868F4F789FA7B6814
:101390002422DA677B681B681A687B681B6822F066
:1013A00001021A607B685B6A002B02D0786800F04B
:1013B000FFFF786800F09EFC0346012B01D101235A
:1013C0001BE07B681B685A687B681B6822F49042AC
:1013D0005A607B681B689A687B681B6822F02A0247
:1013E0009A607B681B681A687B681B6842F0010280
:1013F0001A60786801F03CF9034618460837BD4684
:1014000080BD00BF0038014000440040004800405B
:10141000004C00400050004000800040B07B0108BC
:1014200080B582B000AF78607B68002B01D10123CA
:1014300052E07B681B682A4A93421DD07B681B6878
:10144000284A934218D07B681B68274A934213D0DE
:101450007B681B68254A93420ED07B681B68244A30
:10146000934209D07B681B68224A934204D040F221
:1014700095212148F3F722FA7B682422DA677B68FA
:101480001B681A687B681B6822F001021A607B687F
:101490001B6800221A607B681B6800225A607B6808
:1014A0001B6800229A607868F4F7AEFA7B68002225
:1014B000C3F884207B680022DA677B680022C3F8C7
:1014C00080207B6800221A667B6800225A667B684F
:1014D000002283F87820002318460837BD4680BDD7
:1014E000003801400044004000480040004C0040EB
:1014F0000050004000800040B07B010880B58AB0F9
:1015000002AFF860B9603B601346FB80FB68DB6F9D
:10151000202B77D1BB68002B02D0FB88002B01D198
:10152000012370E0FB680022C3F88420FB682122BD
:10153000DA67F4F7DDFB7861FB68FA88A3F85020DE
:10154000FB68FA88A3F85220FB689B68B3F5805FBC
:1015500008D1FB681B69002B04D10023FB61BB6829
:10156000BB6103E0BB68FB610023BB612FE03B680C
:1015700000937B6900228021F86801F021F903467D
:10158000002B04D0FB682022DA6703233BE0FB69D1
:10159000002B0BD1BB691A88FB681B68C2F30802D9
:1015A00092B21A85BB690233BB6107E0FB691A7806
:1015B000FB681B681A85FB690133FB61FB68B3F8A4
:1015C00052309BB2013B9AB2FB68A3F85220FB68F1
:1015D000B3F852309BB2002BC9D13B6800937B69B2
:1015E00000224021F86801F0EBF80346002B04D0FC
:1015F000FB682022DA67032305E0FB682022DA6714
:10160000002300E0022318462037BD4680BD0000BD
:1016100080B58AB000AFF860B9601346FB80FB6804
:10162000D3F88030202B37D1BB68002B02D0FB8849
:10163000002B01D1012330E0FB6800221A66FB6811
:101640001B68184A93421FD0FB681B685B6803F451
:101650000003002B18D0FB681B687B617B6953E893
:10166000003F3B613B6943F080637B62FB681B6822
:101670001A467B6A3B62FA61F9693A6A41E80023DB
:10168000BB61BB69002BE6D1FB881A46B968F868D4
:1016900001F004F9034600E0022318462837BD464E
:1016A00080BD00BF0080004080B5BAB000AF786058
:1016B0007B681B68DB69C7F8E4307B681B681B68C4
:1016C000C7F8E0307B681B689B68C7F8DC30D7F848
:1016D000E42040F60F031340C7F8D830D7F8D830CD
:1016E000002B15D1D7F8E43003F02003002B0FD0E6
:1016F000D7F8E03003F02003002B09D07B689B6E05
:10170000002B00F0CA827B689B6E78689847C4E221
:10171000D7F8D830002B00F01781D7F8DC3003F071
:101720000103002B06D1D7F8E020854B1340002B96
:1017300000F00A81D7F8E43003F00103002B11D048
:10174000D7F8E03003F48073002B0BD07B681B6864
:1017500001221A627B68D3F8843043F001027B686F
:10176000C3F88420D7F8E43003F00203002B11D033
:10177000D7F8DC3003F00103002B0BD07B681B682B
:1017800002221A627B68D3F8843043F004027B683B
:10179000C3F88420D7F8E43003F00403002B11D001
:1017A000D7F8DC3003F00103002B0BD07B681B68FB
:1017B00004221A627B68D3F8843043F002027B680B
:1017C000C3F88420D7F8E43003F00803002B17D0C7
:1017D000D7F8E03003F02003002B05D1D7F8DC3038
:1017E00003F00103002B0BD07B681B6808221A62F0
:1017F0007B68D3F8843043F008027B68C3F8842008
:10180000D7F8E43003F40063002B12D0D7F8E030AF
:1018100003F08063002B0CD07B681B684FF40062E0
:101820001A627B68D3F8843043F020027B68C3F8E7
:1018300084207B68D3F88430002B00F03082D7F806
:10184000E43003F02003002B0DD0D7F8E03003F094
:101850002003002B07D07B689B6E002B03D07B6896
:101860009B6E786898477B68D3F88430C7F8D4308B
:101870007B681B689B6803F04003402B05D0D7F8BA
:10188000D43003F02803002B4FD0786801F0CCF857
:101890007B681B689B6803F04003402B41D17B6849
:1018A0001B680833C7F89C30D7F89C3053E8003FDA
:1018B000C7F89830D7F8983023F04003C7F8D030F5
:1018C0007B681B680833D7F8D020C7F8A820C7F872
:1018D000A430D7F8A410D7F8A82041E80023C7F80F
:1018E000A030D7F8A030002BD9D17B685B6F002BDC
:1018F00013D07B685B6F134A9A637B685B6F1846F3
:10190000F6F792FF0346002B17D07B685B6F9B6B4B
:101910007A68526F104698470FE0786800F0D4F963
:101920000BE0786800F0D0F907E0786800F0CCF9B7
:101930007B680022C3F88420B1E100BFAFE100BFA3
:1019400020010004F12A01087B681B6E012B40F086
:101950006A81D7F8E43003F01003002B00F06381B4
:10196000D7F8E03003F01003002B00F05C817B68B7
:101970001B6810221A627B681B689B6803F0400397
:10198000402B40F0D4807B685B6F1B685B68A7F8D6
:10199000BE30B7F8BE30002B00F0AD807B68B3F8E6
:1019A0005830B7F8BE209A4280F0A5807B68B7F81F
:1019B000BE20A3F85A207B685B6F1B681B6803F08E
:1019C0002003002B40F086807B681B68C7F88830B6
:1019D000D7F8883053E8003FC7F88430D7F8843010
:1019E00023F48073C7F8B8307B681B681A46D7F8B1
:1019F000B830C7F89430C7F89020D7F89010D7F8CF
:101A0000942041E80023C7F88C30D7F88C30002BA5
:101A1000DAD17B681B6808337B677B6F53E8003F34
:101A20003B673B6F23F00103C7F8B4307B681B684A
:101A30000833D7F8B420C7F88020FB67F96FD7F8D0
:101A4000802041E80023BB67BB6F002BE1D17B689E
:101A50001B6808333B663B6E53E8003FFB65FB6D3C
:101A600023F04003C7F8B0307B681B680833D7F811
:101A7000B020FA66BB66B96EFA6E41E800237B6659
:101A80007B6E002BE3D17B682022C3F880207B682B
:101A900000221A667B681B68FB64FB6C53E8003FFE
:101AA000BB64BB6C23F01003C7F8AC307B681B68C9
:101AB0001A46D7F8AC30BB657A65796DBA6D41E8E6
:101AC00000233B653B6D002BE4D17B685B6F1846C0
:101AD000F6F76CFE7B6802225A667B68B3F85820E2
:101AE0007B68B3F85A309BB2D31A9BB21946786818
:101AF00000F0F4F8D5E07B68B3F85830B7F8BE20B2
:101B00009A4240F0CE807B685B6F1B681B6803F0D5
:101B10002003202B40F0C5807B6802225A667B6838
:101B2000B3F858301946786800F0D8F8B9E07B6807
:101B3000B3F858207B68B3F85A309BB2D31AA7F891
:101B4000CE307B68B3F85A309BB2002B00F0AB80EC
:101B5000B7F8CE30002B00F0A6807B681B68BB6313
:101B6000BB6B53E8003F7B637B6B23F49073C7F838
:101B7000C8307B681B681A46D7F8C8307B643A6463
:101B8000396C7A6C41E80023FB63FB6B002BE4D1DA
:101B90007B681B6808337B627B6A53E8003F3B62CB
:101BA0003B6A23F00103C7F8C4307B681B68083325
:101BB000D7F8C4203A63FB62F96A3A6B41E8002324
:101BC000BB62BB6A002BE3D17B682022C3F8802074
:101BD0007B6800221A667B6800229A667B681B6815
:101BE0003B613B6953E8003FFB60FB6823F0100357
:101BF000C7F8C0307B681B681A46D7F8C030FB6155
:101C0000BA61B969FA6941E800237B617B69002BFD
:101C1000E4D17B6802225A66B7F8CE30194678685C
:101C200000F05CF83FE0D7F8E43003F48013002BB9
:101C30000ED0D7F8DC3003F48003002B08D07B688B
:101C40001B684FF480121A62786801F04DF92DE09C
:101C5000D7F8E43003F08003002B0ED0D7F8E03043
:101C600003F08003002B08D07B68DB6E002B1CD0B8
:101C70007B68DB6E7868984717E0D7F8E43003F0AC
:101C80004003002B12D0D7F8E03003F04003002BC4
:101C90000CD0786800F042FF08E000BF06E000BF0B
:101CA00004E000BF02E000BF00E000BFE837BD462F
:101CB00080BD00BF80B483B000AF786000BF0C3738
:101CC000BD465DF8047B704780B483B000AF786098
:101CD00000BF0C37BD465DF8047B704780B483B00D
:101CE00000AF78600B467B8000BF0C37BD465DF8C7
:101CF000047B70472DE9B04F8AB000AFF860002335
:101D000087F82230FB685B689E4A934204D940F60C
:101D100058419D48F2F7D2FDFB689B68B3F1805FA4
:101D20000DD0FB689B68002B09D0FB689B68B3F55E
:101D3000805F04D040F659419348F2F7BFFDFB683D
:101D40001B68924A93420ED1FB68DB68002B30D0AF
:101D5000FB68DB68B3F5005F2BD040F65C418A4836
:101D6000F2F7ACFD25E0FB68DB68B3F5805F12D0CD
:101D7000FB68DB68002B0ED0FB68DB68B3F5405FC7
:101D800009D0FB68DB68B3F5005F04D04FF446610F
:101D90007D48F2F793FDFB681B6A002B09D0FB68B6
:101DA0001B6AB3F5006F04D040F661417648F2F744
:101DB00085FDFB681B69002B0ED0FB681B69B3F522
:101DC000806F09D0FB681B69B3F5C06F04D040F683
:101DD00064416D48F2F772FDFB685B6923F00C0308
:101DE000002B03D1FB685B69002B04D140F66541F1
:101DF0006548F2F763FDFB689B69002B13D0FB6815
:101E00009B69B3F5807F0ED0FB689B69B3F5007FBB
:101E100009D0FB689B69B3F5407F04D040F666416A
:101E20005948F2F74BFDFB68DB69002B09D0FB68D2
:101E3000DB69B3F5004F04D040F667415248F2F732
:101E40003DFDFB689A68FB681B691A43FB685B6988
:101E50001A43FB68DB6913437B62FB681B681A68E3
:101E60004B4B1340FA681268796A0B431360FB68A6
:101E70001B685B6823F44051FB68DA68FB681B68E9
:101E80000A435A60FB689B697B62FB681B683F4A98
:101E9000934204D0FB681B6A7A6A13437B62FB6837
:101EA0001B689B6823F43061FB681B687A6A0A43ED
:101EB0009A60FB681B68374A934225D1364BD3F8AA
:101EC000883003F00303032B1AD801A252F823F041
:101ED000E11E0108F11E0108E91E0108F91E0108B2
:101EE000012387F8233014E1022387F8233010E11F
:101EF000042387F823300CE1082387F8233008E116
:101F0000102387F8233004E1FB681B68234A9342BF
:101F100046D1214BD3F8883003F00C030C2B2DD87D
:101F200001A252F823F000BF5D1F01087D1F0108C8
:101F30007D1F01087D1F01086D1F01087D1F01081D
:101F40007D1F01087D1F0108651F01087D1F010815
:101F50007D1F01087D1F0108751F0108002387F8F8
:101F60002330D6E0022387F82330D2E0042387F819
:101F70002330CEE0082387F82330CAE0102387F807
:101F80002330C6E080969800B07B010800800040B6
:101F9000F369FFEF003801400010024000440040A8
:101FA000FB681B68AE4A934225D1AE4BD3F888300C
:101FB00003F03003302B16D0302B18D8202B0AD04A
:101FC000202B14D8002B02D0102B08D00FE00023B8
:101FD00087F823309DE0022387F8233099E004231B
:101FE00087F8233095E0082387F8233091E0102309
:101FF00087F823308DE0FB681B689B4A934225D10C
:10200000984BD3F8883003F0C003C02B16D0C02BF8
:1020100018D8802B0AD0802B14D8002B02D0402B4C
:1020200008D00FE0002387F8233072E0022387F8FE
:1020300023306EE0042387F823306AE0082387F812
:10204000233066E0102387F8233062E0FB681B68CA
:10205000864A93422AD1834BD3F8883003F44073E5
:10206000B3F5407F1AD0B3F5407F1BD8B3F5007F9E
:102070000CD0B3F5007F15D8002B03D0B3F5807FCB
:1020800008D00FE0002387F8233042E0022387F8CE
:1020900023303EE0042387F823303AE0082387F812
:1020A000233036E0102387F8233032E0FB681B68CA
:1020B0006F4A93422AD16B4BD3F8883003F44063C4
:1020C000B3F5406F1AD0B3F5406F1BD8B3F5006F6E
:1020D0000CD0B3F5006F15D8002B03D0B3F5806F8B
:1020E00008D00FE0002387F8233012E0022387F89E
:1020F00023300EE0042387F823300AE0082387F812
:10210000233006E0102387F8233002E0102387F8FD
:102110002330FB681B68564A93427AD197F82330E4
:10212000082B24D801A252F823F000BF5121010846
:102130006F210108592101086F2101085F21010861
:102140006F2101086F2101086F2101086721010833
:10215000F9F79CFEF86110E0464BFB610DE0F9F7E2
:10216000FDFDF86109E04FF40043FB6105E0002349
:10217000FB61012387F8223000BFFB69002B00F0D0
:102180000781FB685A6813465B001344FA699A4258
:1021900005D3FB685B681B03FA699A4203D90123E4
:1021A00087F82230F4E0FB6900221C4615464FF008
:1021B00000024FF000032B0243EA14632202F96885
:1021C0004968490800208846814612EB080A43EB1B
:1021D000090BFB685B6800223B607A60D7E900234B
:1021E00050465946EEF7C2FB02460B461346BB610A
:1021F000BB69B3F5407F08D3BB69B3F5801F04D238
:10220000FB681B68BA69DA60C2E0012387F82230F4
:10221000BEE0FB68DB69B3F5004F6AD197F8233065
:10222000082B34D801A252F823F000BF5122010834
:1022300059220108792201088F2201087F22010812
:102240008F2201088F2201088F22010887220108AE
:10225000F9F71CFEF86120E0F9F72EFEF8611CE0AA
:102260000048004000100240004C00400050004078
:10227000008000400024F4004C4BFB610DE0F9F7B6
:102280006DFDF86109E04FF40043FB6105E00023B8
:10229000FB61012387F8223000BFFB69002B77D058
:1022A000FB695A00FB685B685B081A44FB685B6863
:1022B000B2FBF3F3BB61BB690F2B16D9BB69B3F556
:1022C000803F12D2BB699BB223F00F03FB82BB6934
:1022D0005B089BB203F007039AB2FB8A1343FB82AD
:1022E000FB681B68FA8ADA6052E0012387F8223023
:1022F0004EE097F82330082B27D801A252F823F09C
:10230000252301082D230108352301084B2301084B
:102310003B2301084B2301084B2301084B230108F1
:1023200043230108F9F7B2FDF86114E0F9F7C4FDA1
:10233000F86110E01D4BFB610DE0F9F70FFDF8614E
:1023400009E04FF40043FB6105E00023FB6101233A
:1023500087F8223000BFFB69002B19D0FB685B684F
:102360005A08FB691A44FB685B68B2FBF3F3BB6174
:10237000BB690F2B09D9BB69B3F5803F05D2BB6997
:102380009AB2FB681B68DA6002E0012387F822300A
:10239000FB6800229A66FB680022DA6697F8223012
:1023A00018462837BD46BDE8B08F00BF0024F400B2
:1023B00080B582B000AF78607B685B6AFF2B04D980
:1023C00040F64D519148F2F779FA7B685B6A03F069
:1023D0000803002B18D07B685B6B002B09D07B684F
:1023E0005B6BB3F5004F04D040F652518748F2F7CB
:1023F00065FA7B681B685B6823F400417B685A6B55
:102400007B681B680A435A607B685B6A03F00103C0
:10241000002B18D07B689B6A002B09D07B689B6AD5
:10242000B3F5003F04D040F659517848F2F746FA28
:102430007B681B685B6823F400317B689A6A7B6861
:102440001B680A435A607B685B6A03F00203002B37
:1024500018D07B68DB6A002B09D07B68DB6AB3F598
:10246000803F04D04FF456616848F2F727FA7B6842
:102470001B685B6823F480317B68DA6A7B681B68C1
:102480000A435A607B685B6A03F00403002B18D090
:102490007B681B6B002B09D07B681B6BB3F5802F0F
:1024A00004D040F667515948F2F708FA7B681B6878
:1024B0005B6823F480217B681A6B7B681B680A4386
:1024C0005A607B685B6A03F01003002B18D07B68AE
:1024D0009B6B002B09D07B689B6BB3F5805F04D0AE
:1024E00040F66E514948F2F7E9F97B681B689B6832
:1024F00023F480517B689A6B7B681B680A439A605F
:102500007B685B6A03F02003002B18D07B68DB6BD1
:10251000002B09D07B68DB6BB3F5005F04D040F67D
:1025200075513A48F2F7CAF97B681B689B6823F437
:1025300000517B68DA6B7B681B680A439A607B6892
:102540005B6A03F04003002B6CD07B681B68304A49
:10255000934218D07B681B682E4A934213D07B6845
:102560001B682D4A93420ED07B681B682B4A93420E
:1025700009D07B681B682A4A934204D040F67C51FC
:102580002248F2F79BF97B681B6C002B09D07B6813
:102590001B6CB3F5801F04D040F67D511B48F2F749
:1025A0008DF97B681B685B6823F480117B681A6C6B
:1025B0007B681B680A435A607B681B6CB3F5801FFD
:1025C00030D17B685B6C002B13D07B685B6CB3F500
:1025D000001F0ED07B685B6CB3F5800F09D07B6861
:1025E0005B6CB3F5C00F04D040F682510748F2F798
:1025F00065F97B681B685B6823F4C0017B685A6CD3
:102600007B681B680A435A600CE000BFB07B01087E
:10261000003801400044004000480040004C0040A9
:10262000005000407B685B6A03F08003002B18D0E9
:102630007B689B6C002B09D07B689B6CB3F5002FEB
:1026400004D040F68A510948F2F738F97B681B68D4
:102650005B6823F400217B689A6C7B681B680A43E3
:102660005A6000BF0837BD4680BD00BFB07B01087F
:1026700080B598B002AF78607B680022C3F88420F0
:10268000F3F736FB78657B681B681B6803F008036B
:10269000082B2ED16FF07E4300937B6D00224FF408
:1026A0000011786800F08CF80346002B21D07B687D
:1026B0001B68BB63BB6B53E8003F7B637B6B23F002
:1026C00080033B657B681B681A463B6D7B643A64FC
:1026D000396C7A6C41E80023FB63FB6B002BE6D17D
:1026E0007B682022DA677B68002283F87820032346
:1026F00062E07B681B681B6803F00403042B49D16C
:102700006FF07E4300937B6D00224FF48001786868
:1027100000F056F80346002B3CD07B681B687B62B8
:102720007B6A53E8003F3B623B6A23F49073FB648F
:102730007B681B681A46FB6C3B63FA62F96A3A6B6A
:1027400041E80023BB62BB6A002BE6D17B681B68B3
:1027500008333B613B6953E8003FFB60FB6823F0B3
:102760000103BB647B681B680833BA6CFA61BB6108
:10277000B969FA6941E800237B617B69002BE5D1E7
:102780007B682022C3F880207B68002283F87820B1
:10279000032311E07B682022DA677B682022C3F8DC
:1027A00080207B6800221A667B6800225A667B685C
:1027B000002283F87820002318465837BD4680BD94
:1027C00080B584B000AFF860B9603B601346FB7120
:1027D0004FE0BB69B3F1FF3F4BD0F3F789FA0246F4
:1027E0003B68D31ABA699A4202D3BB69002B01D164
:1027F00003234EE0FB681B681B6803F00403002BF7
:1028000037D0BB68802B34D0BB68402B31D0FB68FD
:102810001B68DB6903F00803082B10D1FB681B68F9
:1028200008221A62F86800F0FFF8FB680822C3F873
:102830008420FB68002283F87820012329E0FB68CC
:102840001B68DB6903F40063B3F5006F11D1FB680B
:102850001B684FF400621A62F86800F0E5F8FB6844
:102860002022C3F88420FB68002283F87820032309
:102870000FE0FB681B68DA69BB681340BA689A42CC
:102880000CBF01230023DBB21A46FB799A42A0D089
:10289000002318461037BD4680BD000080B497B0B5
:1028A00000AFF860B9601346FB80FB68BA685A65F0
:1028B000FB68FA88A3F85820FB68FA88A3F85A2026
:1028C000FB6800229A66FB689B68B3F5805F0ED1B7
:1028D000FB681B69002B05D1FB6840F2FF12A3F8CF
:1028E0005C202DE0FB68FF22A3F85C2028E0FB6859
:1028F0009B68002B0DD1FB681B69002B04D1FB6882
:10290000FF22A3F85C201BE0FB687F22A3F85C2079
:1029100016E0FB689B68B3F1805F0DD1FB681B6913
:10292000002B04D1FB687F22A3F85C2008E0FB6841
:102930003F22A3F85C2003E0FB680022A3F85C20A0
:10294000FB680022C3F88420FB682222C3F88020A1
:10295000FB681B680833FB63FB6B53E8003FBB63FA
:10296000BB6B43F001037B65FB681B6808337A6D22
:10297000BA647B64796CBA6C41E800233B643B6CBD
:10298000002BE5D1FB689B68B3F5805F07D1FB683E
:102990001B69002B03D1FB68214A9A6602E0FB68A1
:1029A000204A9A66FB681B69002B19D0FB681B68DC
:1029B000BB62BB6A53E8003F7B627B6A43F490735F
:1029C000FB64FB681B681A46FB6C7B633A63396BDC
:1029D0007A6B41E80023FB62FB6A002BE6D118E02A
:1029E000FB681B687B617B6953E8003F3B613B6987
:1029F00043F020033B65FB681B681A463B6D3B6256
:102A0000FA61F9693A6A41E80023BB61BB69002BAE
:102A1000E6D1002318465C37BD465DF8047B70475D
:102A20002D2D0108712B010880B495B000AF78609E
:102A30007B681B687B637B6B53E8003F3B633B6BAE
:102A400023F49073FB647B681B681A46FB6C3B6441
:102A5000FA63F96B3A6C41E80023BB63BB6B002B54
:102A6000E6D17B681B6808333B623B6A53E8003F52
:102A7000FB61FB6923F00103BB647B681B680833BF
:102A8000BA6CFA62BB62B96AFA6A41E800237B62F7
:102A90007B6A002BE5D17B681B6E012B18D17B680C
:102AA0001B68FB60FB6853E8003FBB60BB6823F01A
:102AB00010037B647B681B681A467B6CBB617A6180
:102AC0007969BA6941E800233B613B69002BE6D193
:102AD0007B682022C3F880207B6800221A667B680E
:102AE00000229A6600BF5437BD465DF8047B7047EC
:102AF00080B584B000AF78607B689B6AFB60FB6840
:102B00000022A3F85A20FB680022A3F85220F8689C
:102B1000FFF7DAF800BF1037BD4680BD80B588B03A
:102B200000AF78607B681B68FB60FB6853E8003F80
:102B3000BB60BB6823F04003FB617B681B681A46DF
:102B4000FB69BB617A617969BA6941E800233B613D
:102B50003B69002BE6D17B682022DA677B68002284
:102B6000DA667868FFF7A6F800BF2037BD4680BD5B
:102B700080B59CB000AF78607B68B3F85C30A7F894
:102B80006E307B68D3F88030222B40F0BE807B68AB
:102B90001B689B8CA7F86C30B7F86C30D9B2B7F8CB
:102BA0006E30DAB27B685B6D0A40D2B21A707B6815
:102BB0005B6D5A1C7B685A657B68B3F85A309BB2D0
:102BC000013B9AB27B68A3F85A207B68B3F85A306D
:102BD0009BB2002B40F0A3807B681B68FB64FB6CFE
:102BE00053E8003FBB64BB6C23F49073BB667B6807
:102BF0001B681A46BB6EBB657A65796DBA6D41E894
:102C000000233B653B6D002BE6D17B681B680833D6
:102C1000BB63BB6B53E8003F7B637B6B23F001031B
:102C20007B667B681B6808337A6E7A643B64396C18
:102C30007A6C41E80023FB63FB6B002BE5D17B68DA
:102C40002022C3F880207B6800229A667B680022DD
:102C50005A667B681B68344A93421FD07B681B68A6
:102C60005B6803F40003002B18D07B681B687B6251
:102C70007B6A53E8003F3B623B6A23F080633B661C
:102C80007B681B681A463B6E3B63FA62F96A3A6BD3
:102C900041E80023BB62BB6A002BE6D17B681B6E58
:102CA000012B2ED17B6800221A667B681B683B6172
:102CB0003B6953E8003FFB60FB6823F01003FB65B2
:102CC0007B681B681A46FB6DFB61BA61B969FA69DA
:102CD00041E800237B617B69002BE6D17B681B68A0
:102CE000DB6903F01003102B03D17B681B681022F3
:102CF0001A627B68B3F8583019467868FEF7EEFF21
:102D00000DE07868F1F776FD09E07B681B681B8BA6
:102D10009AB27B681B6842F0080292B21A8300BF25
:102D20007037BD4680BD00BF0080004080B59CB0BC
:102D300000AF78607B68B3F85C30A7F86E307B68D2
:102D4000D3F88030222B40F0BE807B681B689B8CC0
:102D5000A7F86C307B685B6DBB66B7F86C20B7F882
:102D60006E3013409AB2BB6E1A807B685B6D9A1C02
:102D70007B685A657B68B3F85A309BB2013B9AB2C4
:102D80007B68A3F85A207B68B3F85A309BB2002BBB
:102D900040F0A3807B681B68BB64BB6C53E8003FBA
:102DA0007B647B6C23F490737B667B681B681A469C
:102DB0007B6E7B653A65396D7A6D41E80023FB6473
:102DC000FB6C002BE6D17B681B6808337B637B6B55
:102DD00053E8003F3B633B6B23F001033B667B689A
:102DE0001B6808333A6E3A64FB63F96B3A6C41E84E
:102DF0000023BB63BB6B002BE5D17B682022C3F8AB
:102E000080207B6800229A667B6800225A667B6875
:102E10001B68344A93421FD07B681B685B6803F4CD
:102E20000003002B18D07B681B683B623B6A53E8A9
:102E3000003FFB61FB6923F08063FB657B681B68D7
:102E40001A46FB6DFB62BA62B96AFA6A41E800236E
:102E50007B627B6A002BE6D17B681B6E012B2ED137
:102E60007B6800221A667B681B68FB60FB6853E87E
:102E7000003FBB60BB6823F01003BB657B681B6829
:102E80001A46BB6DBB617A617969BA6941E8002372
:102E90003B613B69002BE6D17B681B68DB6903F073
:102EA0001003102B03D17B681B6810221A627B6809
:102EB000B3F8583019467868FEF710FF0DE07868CF
:102EC000F1F798FC09E07B681B681B8B9AB27B6862
:102ED0001B6842F0080292B21A8300BF7037BD46E9
:102EE00080BD00BF0080004080B483B000AF786038
:102EF00000BF0C37BD465DF8047B704784B080B5D9
:102F000084B000AF786007F11C0080E80E007B6899
:102F1000DB6843F040027B68DA60786801F076FA9B
:102F20000346FB7397F82530002B06D17B689B6B1B
:102F300043F480327B689A6305E07B689B6B23F4E3
:102F400080327B689A63FB7B18461037BD46BDE82C
:102F5000804004B07047000080B487B000AFF860D4
:102F6000B9601346FB71FB79022B65D1BB683E4A01
:102F7000934206D9BB683D4A934202D20F237B613C
:102F80005CE0BB68394A934206D3BB68384A934237
:102F900002D20E237B6151E0BB68354A934206D3CF
:102FA000BB68344A934202D20D237B6146E0BB6882
:102FB000304A934206D3BB682F4A934202D80C236F
:102FC0007B613BE0BB682C4A934206D9BB682B4A25
:102FD000934202D80B237B6130E0BB68274A9342BF
:102FE00006D9BB68264A934202D80A237B6125E0B2
:102FF000BB68234A934206D9BB68224A934202D255
:1030000009237B611AE0BB681E4A934206D3BB6862
:103010001D4A934202D808237B610FE0BB681A4A1D
:10302000934206D9BB68194A934202D207237B61B7
:1030300004E006237B6101E009237B61FB68DB6818
:1030400023F47052FB68DA60FB68DA687B699B02E4
:1030500003F470531A43FB68DA60002318461C37E8
:10306000BD465DF8047B7047BFACD800C0E1E4000A
:103070000024F400807306019F491A01FF2C3101DE
:103080003FA44C0100366E011FABA6010048E801C9
:1030900080B483B000AF78607B689B6843F0010226
:1030A0007B689A60002318460C37BD465DF8047BA8
:1030B000704780B483B000AF78607B689B6823F072
:1030C00001027B689A60002318460C37BD465DF804
:1030D000047B704780B584B000AF78600B46FB700E
:1030E0000023FB607B68DB6823F0C0427B68DA600A
:1030F000FB78012B15D17B68DB6843F000527B68BD
:10310000DA600A20F2F700FEFB680A33FB60786899
:1031100001F002F90346012B1ED0FB68C72BF0D942
:103120001AE0FB78002B15D17B68DB6843F0804206
:103130007B68DA600A20F2F7E7FDFB680A33FB6080
:10314000786801F0E9F80346002B05D0FB68C72B2F
:10315000F0D901E0012305E0FB68C82B01D1012370
:1031600000E0002318461037BD4680BD84B080B50E
:1031700086B000AF786007F1240080E80E000023DD
:10318000FB757B68FB6000233B6109E07A683B6963
:1031900040339B00134400225A603B6901333B617A
:1031A0003B690E2BF2D997F82E30002B1CD1FB680F
:1031B00003F500635B68FA6802F5006243F00203FE
:1031C00053607B689B6B23F400127B689A637B6877
:1031D0001B6843F040027B681A607B681B6843F001
:1031E00080027B681A6005E07B689B6B43F40012E9
:1031F0007B689A63FB6803F560631A4600231360DB
:103200000321786800F05AF91021786800F0F6F888
:103210000346002B01D00123FB75786800F020F9EC
:103220000346002B01D00123FB75FB6803F5006307
:103230001A4600231361FB6803F500631A46002356
:103240005361FB6803F500631A460023D361002332
:103250003B6143E03B695A01FB68134403F510638B
:103260001B6803F00043B3F1004F18D13B69002BFA
:103270000AD13B695A01FB68134403F510631A46EF
:103280004FF00063136013E03B695A01FB6813447D
:1032900003F510631A464FF09043136008E03B6952
:1032A0005A01FB68134403F510631A4600231360A8
:1032B0003B695A01FB68134403F510631A46002367
:1032C00013613B695A01FB68134403F510631A4606
:1032D0004FF67F3393603B6901333B6197F82430AD
:1032E0001A463B699342B5D300233B6143E03B69F7
:1032F0005A01FB68134403F530631B6803F0004375
:10330000B3F1004F18D13B69002B0AD13B695A0138
:10331000FB68134403F530631A464FF000631360F3
:1033200013E03B695A01FB68134403F530631A4606
:103330004FF09043136008E03B695A01FB68134467
:1033400003F530631A46002313603B695A01FB689A
:10335000134403F530631A46002313613B695A0195
:10336000FB68134403F530631A464FF67F339360CE
:103370003B6901333B6197F824301A463B6993421D
:10338000B5D3FB6803F500631B69FA6802F50062B8
:1033900023F4807313617B6800229A617B686FF06D
:1033A00080425A617B689B6943F010027B689A6196
:1033B0007B689A69104B13437A68936197F82A30B7
:1033C000002B05D07B689B6943F008027B689A61FB
:1033D00097F82E30012B07D17B689B6943F080431F
:1033E00043F004037A689361FB7D18461837BD46A5
:1033F000BDE8804004B0704700383C8080B485B0A0
:1034000000AF786039600023FB60FB680133FB602C
:10341000FB68B3F1706F01D903231BE07B681B6964
:10342000002BF2DA0023FB603B689B0143F0200293
:103430007B681A61FB680133FB60FB68B3F1706F56
:1034400001D9032306E07B681B6903F02003202BCE
:10345000F0D0002318461437BD465DF8047B704752
:1034600080B485B000AF78600023FB60FB68013357
:10347000FB60FB68B3F1706F01D9032318E07B6830
:103480001B69002BF2DA0023FB607B6810221A61B3
:10349000FB680133FB60FB68B3F1706F01D9032354
:1034A00006E07B681B6903F01003102BF0D00023AB
:1034B00018461437BD465DF8047B704780B485B06C
:1034C00000AF78600B46FB707B68FB60FB6803F520
:1034D00000631A68FB78F96801F5006113430B601B
:1034E000002318461437BD465DF8047B704780B44E
:1034F00087B000AF78607B683B613B6903F5006390
:103500009B6803F00603FB60FB68022B02D0FB689C
:10351000062B02D10223FB7501E00F23FB75FB7D17
:1035200018461C37BD465DF8047B704780B485B0F3
:1035300000AF786039607B68FB603B681B78BB60DC
:103540003B685B78012B3AD1FB6803F50063DA69CD
:103550003B681B7803F00F03012101FA03F39BB2D0
:10356000F96801F500611343CB61BB685A01FB6840
:10357000134403F510631B6803F40043002B55D17B
:10358000BB685A01FB68134403F510631A683B6873
:103590009B68C3F30A013B681B799B041943BB6812
:1035A0009B050B431343BA685101FA680A4402F5BC
:1035B000106243F0805343F40043136036E0FB682D
:1035C00003F50063DA693B681B7803F00F03012100
:1035D00001FA03F31B04F96801F500611343CB61A1
:1035E000BB685A01FB68134403F530631B6803F49E
:1035F0000043002B1AD1BB685A01FB68134403F542
:1036000030631A683B689B68C3F30A013B681B7907
:103610009B040B431343BA685101FA680A4402F54C
:10362000306243F0805343F4004313600023184694
:103630001437BD465DF8047B7047000080B485B048
:1036400000AF786039607B68FB603B681B78BB60CB
:103650003B685B78012B61D1BB685A01FB6813445E
:1036600003F510631B6803F00043B3F1004F1FD153
:10367000BB685A01FB68134403F510631B68BA6802
:103680005101FA680A4402F5106243F000631360C6
:10369000BB685A01FB68134403F510631B68BA68E2
:1036A0005101FA680A4402F5106243F08043136046
:1036B000FB6803F50063DA6B3B681B7803F00F03CC
:1036C000012101FA03F39BB2DB43F96801F50061C4
:1036D0001340CB63FB6803F50063DA693B681B7832
:1036E00003F00F03012101FA03F39BB2DB43F968F6
:1036F00001F500611340CB61BB685A01FB681344BC
:1037000003F510631A68BB685901FB680B4403F5A5
:1037100010631946354B13400B6060E0BB685A01DB
:10372000FB68134403F530631B6803F00043B3F1F7
:10373000004F1FD1BB685A01FB68134403F5306387
:103740001B68BA685101FA680A4402F5306243F016
:1037500000631360BB685A01FB68134403F53063D0
:103760001B68BA685101FA680A4402F5306243F0F6
:1037700080431360FB6803F50063DA6B3B681B78DA
:1037800003F00F03012101FA03F31B04DB43F96883
:1037900001F500611340CB63FB6803F50063DA6950
:1037A0003B681B7803F00F03012101FA03F31B04AC
:1037B000DB43F96801F500611340CB61BB685A0136
:1037C000FB68134403F530631A68BB685901FB6852
:1037D0000B4403F530631946054B13400B6000237F
:1037E00018461437BD465DF8047B7047007833EC0B
:1037F0000078F3EF80B586B000AF786039607B6801
:103800007B613B681B783B613B685B78012B40F038
:103810002D813B681B69002B32D13B695A017B69C2
:10382000134403F510631B693A6951017A690A442C
:1038300002F5106223F0FF5323F4C01313613B69B8
:103840005A017B69134403F510631B693A695101FE
:103850007A690A4402F5106243F4002313613B695C
:103860005A017B69134403F510631B693A695101DE
:103870007A690A4402F51062DB0CDB04136197E0FD
:103880003B695A017B69134403F510631B693A696C
:1038900051017A690A4402F51062DB0CDB04136102
:1038A0003B695A017B69134403F510631B693A694C
:1038B00051017A690A4402F5106223F0FF5323F4A0
:1038C000C01313613B69002B1AD13B681A693B682E
:1038D0009B689A4203D93B689A683B681A613B69C6
:1038E0005A017B69134403F510631B693A6951015E
:1038F0007A690A4402F5106243F40023136144E03C
:103900003B681A693B689B6813445A1E3B689B6876
:10391000B2FBF3F3FB813B695A017B69134403F566
:1039200010631A69FB89D9048F4B0B403969480130
:103930007969014401F5106113430B613B681B7900
:10394000012B22D13B695A017B69134403F51063B3
:103950001B693A6951017A690A4402F5106223F041
:10396000C04313613B695A017B69134403F510633B
:103970001A69FB895B0703F0C0433969480179691B
:10398000014401F5106113430B613B695A017B69E6
:10399000134403F510631A693B681B69C3F31203F0
:1039A000396948017969014401F5106113430B61DC
:1039B0003B695A017B69134403F510631B683A693C
:1039C00051017A690A4402F5106243F0044313601E
:1039D0003B681B79012B15D03B681B69002B00F05D
:1039E0003A817B6903F500635A6B3B681B7803F0EF
:1039F0000F03012101FA03F3796901F50061134313
:103A00004B6328E17B6903F500639B6803F48073D3
:103A1000002B10D13B695A017B69134403F51063F5
:103A20001B683A6951017A690A4402F5106243F051
:103A3000005313600FE03B695A017B69134403F59F
:103A400010631B683A6951017A690A4402F51062F1
:103A500043F0805313603B68D9683B681A783B6831
:103A60001B699BB2786800F0A7F9F4E03B695A0142
:103A70007B69134403F530631B693A6951017A6924
:103A80000A4402F53062DB0CDB0413613B695A0126
:103A90007B69134403F530631B693A6951017A6904
:103AA0000A4402F5306223F0FF5323F4C01313617C
:103AB0003B69002B2FD13B681B69002B03D03B686F
:103AC0009A683B681A613B689A683B681A623B696E
:103AD0005A017B69134403F530631A693B681B6A1A
:103AE000C3F31203396948017969014401F5306172
:103AF00013430B613B695A017B69134403F530633F
:103B00001B693A6951017A690A4402F5306243F44B
:103B10000023136162E03B681B69002B26D13B69DF
:103B20005A017B69134403F530631A693B689B684B
:103B3000C3F31203396948017969014401F5306121
:103B400013430B613B695A017B69134403F53063EE
:103B50001B693A6951017A690A4402F5306243F4FB
:103B6000002313613AE000BF0000F81F3B681A69A8
:103B70003B689B6813445A1E3B689B68B2FBF3F397
:103B8000FB813B689B68FA8903FB02F23B681A627F
:103B90003B695A017B69134403F530631A69FB8959
:103BA000D9042F4B0B40396948017969014401F56B
:103BB000306113430B613B695A017B69134403F580
:103BC00030631A693B681B6AC3F312033969480101
:103BD0007969014401F5306113430B613B681B793E
:103BE000012B28D17B6903F500639B6803F4807384
:103BF000002B10D13B695A017B69134403F53063F4
:103C00001B683A6951017A690A4402F5306243F04F
:103C1000005313600FE03B695A017B69134403F5BD
:103C200030631B683A6951017A690A4402F53062CF
:103C300043F0805313603B695A017B69134403F5D9
:103C400030631B683A6951017A690A4402F53062AF
:103C500043F004431360002318461837BD4680BD67
:103C60000000F81F80B487B000AF7860396000238F
:103C7000FB600023FB757B683B613B685B78012B35
:103C80004AD13B681B785A013B69134403F5106322
:103C90001B6803F00043B3F1004F40F086803B689F
:103CA0001B785A013B69134403F510631B683A689B
:103CB000127851013A690A4402F5106243F0006338
:103CC00013603B681B785A013B69134403F510638A
:103CD0001B683A68127851013A690A4402F5106289
:103CE00043F080431360FB680133FB60FB6842F2E2
:103CF0001072934202D90123FB7556E03B681B7892
:103D00005A013B69134403F510631B6803F0004339
:103D1000B3F1004FE7D048E03B681B785A013B699C
:103D2000134403F530631B6803F00043B3F1004F05
:103D30003BD13B681B785A013B69134403F5306360
:103D40001B683A68127851013A690A4402F53062F8
:103D500043F0006313603B681B785A013B691344CE
:103D600003F530631B683A68127851013A690A44D6
:103D700002F5306243F080431360FB680133FB605F
:103D8000FB6842F21072934202D90123FB750CE0EA
:103D90003B681B785A013B69134403F530631B6889
:103DA00003F00043B3F1004FE7D0FB7D18461C370A
:103DB000BD465DF8047B704780B489B000AFF86001
:103DC000B96011461A460B46FB711346BB80FB686F
:103DD0007B61BB68FB61BB8803339B083B610023AD
:103DE000BB6118E0FB791A037B69134403F5805328
:103DF0001A46FB691B681360FB690133FB61FB69B1
:103E00000133FB61FB690133FB61FB690133FB613A
:103E1000BB690133BB61BA693B699A42E2D30023B3
:103E200018462437BD465DF8047B704780B48BB0DC
:103E300000AFF860B9601346FB80FB68BB61BB68EC
:103E40007B62FB889B089BB27B61FB8803F00303CA
:103E5000FB8300233B6214E0BB6903F580531A68BF
:103E60007B6A1A607B6A01337B627B6A01337B6207
:103E70007B6A01337B627B6A01337B623B6A01337D
:103E80003B623A6A7B699A42E6D3FB8B002B1ED0D9
:103E900000233B62BB6903F580531A4607F1100308
:103EA00012681A603A693B6ADBB2DB0022FA03F35C
:103EB000DAB27B6A1A703B6A01333B627B6A013378
:103EC0007B62FB8B013BFB83FB8B002BEAD17B6A84
:103ED00018462C37BD465DF8047B704780B485B02A
:103EE00000AF786039607B68FB603B681B78BB6023
:103EF0003B685B78012B2CD1BB685A01FB681344EB
:103F000003F510631B68002B12DBBB68002B0FD07E
:103F1000BB685A01FB68134403F510631B68BA6859
:103F20005101FA680A4402F5106223F080431360DD
:103F3000BB685A01FB68134403F510631B68BA6839
:103F40005101FA680A4402F5106243F40013136049
:103F50002BE0BB685A01FB68134403F530631B6810
:103F6000002B12DBBB68002B0FD0BB685A01FB682B
:103F7000134403F530631B68BA685101FA680A44B8
:103F800002F5306223F080431360BB685A01FB687E
:103F9000134403F530631B68BA685101FA680A4498
:103FA00002F5306243F400131360002318461437FF
:103FB000BD465DF8047B704780B485B000AF786083
:103FC00039607B68FB603B681B78BB603B685B7853
:103FD000012B28D1BB685A01FB68134403F5106319
:103FE0001B68BA685101FA680A4402F5106223F4AA
:103FF000001313603B681B79032B03D03B681B79CC
:10400000022B38D1BB685A01FB68134403F51063D7
:104010001B68BA685101FA680A4402F5106243F05D
:104020008053136027E0BB685A01FB68134403F513
:1040300030631B68BA685101FA680A4402F53062BD
:1040400023F4001313603B681B79032B03D03B68F8
:104050001B79022B0FD1BB685A01FB68134403F58F
:1040600030631B68BA685101FA680A4402F530628D
:1040700043F080531360002318461437BD465DF8A3
:10408000047B704780B586B000AF78607B683B6189
:1040900000237B6116E07B695A013B69134403F5F9
:1040A00010631A464FF67F3393607B695A013B6970
:1040B000134403F530631A464FF67F3393607B69F0
:1040C00001337B617B690E2BE5D93B6903F5006306
:1040D0001A46002313613B6903F500631A46002367
:1040E00053613B6903F500631A460023D361786886
:1040F000FFF7B6F90346FB73FB7B002B01D0FB7B7C
:104100000BE010217868FFF779F90346FB73FB7B1E
:10411000002B01D0FB7B00E0FB7B18461837BD4627
:1041200080BD80B485B000AF78600B46FB707B68C3
:10413000FB60FB6803F500631B68FA6802F5006228
:1041400023F4FE631360FB6803F500631A68FB78D1
:104150001B0103F4FE63F96801F5006113430B6072
:10416000002318461437BD465DF8047B704780B4C1
:1041700085B000AF78607B68FB60FB6803F5606327
:104180001B68FA6802F5606223F003031360FB68A2
:1041900003F500635B68FA6802F5006223F002032E
:1041A0005360002318461437BD465DF8047B704702
:1041B00080B485B000AF78607B68FB60FB6803F576
:1041C00060631B68FA6802F5606223F00303136002
:1041D000FB6803F500635B68FA6802F5006243F070
:1041E00002035360002318461437BD465DF8047B74
:1041F000704780B485B000AF78607B685B69FB6016
:104200007B689B69FA681340FB60FB6818461437AB
:10421000BD465DF8047B704780B485B000AF786020
:104220007B68FB60FB6803F500639B69BB60FB6810
:1042300003F50063DB69BA681340BB60BB681B0C05
:1042400018461437BD465DF8047B704780B485B0CE
:1042500000AF78607B68FB60FB6803F500639B69D7
:10426000BB60FB6803F50063DB69BA681340BB60A1
:10427000BB689BB218461437BD465DF8047B704797
:1042800080B485B000AF78600B46FB707B68FB6044
:10429000FB785A01FB68134403F530639B68BB60ED
:1042A000FB6803F500635B69BA681340BB60BB68D9
:1042B00018461437BD465DF8047B704780B487B05C
:1042C00000AF78600B46FB707B687B617B6903F510
:1042D00000631B693B617B6903F500635B6BFB60FB
:1042E000FB7803F00F03FA6822FA03F3DB01DBB279
:1042F0003A6913433B61FB785A017B69134403F528
:1043000010639B683A691340BB60BB6818461C3752
:10431000BD465DF8047B704780B483B000AF786021
:104320007B685B6903F0010318460C37BD465DF8F6
:10433000047B704780B485B000AF78607B68FB6019
:10434000FB6803F510631B68FA6802F5106223F43A
:10435000FF6323F007031360FB6803F500635B68EA
:10436000FA6802F5006243F4807353600023184634
:104370001437BD465DF8047B7047000080B485B0FB
:1043800000AF786039607B68FB607B683C33043346
:104390001B68BB60BB681C4A93420AD9FB6803F5E3
:1043A00030631B6803F00043B3F1004F01D10023D9
:1043B00024E0FB6803F530631A4600231361FB68B1
:1043C00003F530631B69FA6802F5306243F4002399
:1043D0001361FB6803F530631B69FA6802F530620C
:1043E00043F018031361FB6803F530631B69FA6837
:1043F00002F5306243F0C0431361002318461437BE
:10440000BD465DF8047B70470A30544F80B485B0D8
:1044100000AF78600023FB60FB680133FB60FB6842
:10442000B3F1706F01D903231BE07B681B69002B7C
:10443000F2DA0023FB607B681B6943F001027B68B2
:104440001A61FB680133FB60FB68B3F1706F01D93F
:10445000032306E07B681B6903F00103012BF0D006
:10446000002318461437BD465DF8047B70470000F2
:1044700080B584B000AF78600B46FB7040F21A2024
:1044800003F086F9F860FB68002B10D17B68D3F845
:10449000C8327A68AC339B00134400221A710022A0
:1044A0005A7100229A710022DA7102231CE140F253
:1044B0001A220021F86803F099F97B68D3F8C83212
:1044C0007A68AC339B001344FA685A607B68D3F86F
:1044D000C8327A68AC339B0013445A687B68C3F8CF
:1044E000B0227B685B7B002B44D1814B19784FF461
:1044F00000730222786802F037FF7D4B1B7803F0CF
:104500000F02796813469B0013449B000B44183339
:10451000002242F001029A710022DA71754B19787B
:104520004FF400730222786802F01EFF714B1B7873
:1045300003F00F02796813469B0013449B000B4461
:1045400003F5AC73002242F001029A710022DA7185
:10455000694B1B7803F00F02796813469B001344E4
:104560009B000B441833002242F010021A72002202
:104570005A7241E05E4B197840230222786802F0BB
:10458000F3FE5B4B1B7803F00F02796813469B0028
:1045900013449B000B441833002242F001029A712D
:1045A0000022DA71534B197840230222786802F016
:1045B000DBFE504B1B7803F00F02796813469B001B
:1045C00013449B000B4403F5AC73002242F001023C
:1045D0009A710022DA71484B1B7803F00F02796858
:1045E00013469B0013449B000B441833002242F0F7
:1045F00010021A7200225A723F4B197808230322C4
:10460000786802F0B1FE3C4B1B7803F00F0279682A
:1046100013469B0013449B000B441833002242F0C6
:1046200001029A710022DA71FB68002283F80222EB
:10463000002283F80322002283F80422002283F858
:1046400005227B68D3F8C8227B68AE3253F822304B
:104650001B689847FB6893F81222002283F8122205
:1046600093F81322002283F8132293F814220022D5
:1046700083F8142293F81522002283F81522FB6890
:1046800093F81622002283F8162293F817220022AC
:1046900083F8172293F81822002283F8182293F83F
:1046A0001922002283F81922FB68D3F80232002B6A
:1046B00001D1022318E07B685B7B002B0AD10D4BF4
:1046C0001978FB68D3F802224FF40073786802F07F
:1046D000C5FF08E0074B1978FB68D3F80222402396
:1046E000786802F0BBFF002318461037BD4680BD36
:1046F0005F010020600100206101002080B582B0D0
:1047000000AF78600B46FB70464B1B781946786803
:1047100002F068FE434B1B7803F00F0279681346E2
:104720009B0013449B000B44183300229A71002213
:10473000DA713D4B1B781946786802F053FE3A4B0C
:104740001B7803F00F02796813469B0013449B000B
:104750000B4403F5AC7300229A710022DA71334BDB
:104760001B781946786802F03DFE304B1B7803F049
:104770000F02796813469B0013449B000B441833C7
:1047800000229A710022DA71284B1B7803F00F0285
:10479000796813469B0013449B000B441833002296
:1047A0001A7200225A727B68D3F8C8327A68AC3326
:1047B0009B0013445B68002B2FD07B68D3F8C82282
:1047C0007B68AE3253F822305B6898477B68D3F839
:1047D000C8327A68AC339B0013445B68184602F019
:1047E000E5FF7B68D3F8C8327A68AC339B0013448A
:1047F00000221A7100225A7100229A710022DA7185
:104800007B68002283F8B022002283F8B1220022C4
:1048100083F8B222002283F8B32200231846083717
:10482000BD4680BD5F0100206001002061010020C5
:1048300080B586B000AF786039607B68D3F8C83245
:104840007A68AC339B0013445B683B6100237B7345
:1048500000237B810023FB753B69002B01D10323DF
:10486000C2E03B681B7803F06003002B53D0202B81
:1048700040F0B2803B68DB889BB2002B3DD03B68A8
:104880001B785BB2002B1CDA7B68D3F8C8227B68EC
:10489000AE3253F822309B683A68507839693A68EA
:1048A000D28892B298473B68DB889BB2072B28BF1F
:1048B0000723FB813B69FA891946786801F046FFB6
:1048C00091E03B685A783B6983F800223B68DB88BB
:1048D0009BB23F2B04D83B68DB889BB2DAB200E086
:1048E00040223B6983F8012239693B6993F8013220
:1048F0001A46786801F06BFF75E07B68D3F8C82230
:104900007B68AE3253F822309B683A6850780022B8
:104910003968984767E03B685B780B2B51D801A258
:1049200052F823F055490108D1490108C34901084B
:10493000C3490108C3490108C3490108C349010823
:10494000C3490108C3490108C34901087F49010857
:10495000A94901087B6893F89632DBB2032B07D193
:1049600007F10A0302221946786801F0EFFE32E0EF
:104970003968786801F06DFE0323FB752BE07B68D6
:1049800093F89632DBB2032B07D107F10D03012216
:104990001946786801F0DAFE1DE03968786801F0A0
:1049A00058FE0323FB7516E07B6893F89632DBB262
:1049B000032B0FD03968786801F04BFE0323FB7599
:1049C00008E03968786801F044FE0323FB7502E0D3
:1049D00000BF08E000BF06E03968786801F039FEE2
:1049E0000323FB7500BFFB7D18461837BD4680BD0D
:1049F00080B584B000AF78600B46FB707B68D3F85D
:104A0000BC32FB607B68D3F8C8327A68AC339B0059
:104A100013445B68002B01D103237DE07B68D3F84E
:104A2000C8327A68AC339B0013445B68BB60FB7888
:104A300003F00F02796813469B0013449B000B445C
:104A40000833D3F80A30002B36D0FB7803F00F027E
:104A5000796813469B0013449B000B440833D3F83A
:104A60000A20FB7803F00F01F8680B46DB000B44CB
:104A70009B0003441C331B68B2FBF3F101FB03F3FF
:104A8000D31A002B18D1FB7803F00F027968134674
:104A90009B0013449B000B44083300229A720022AF
:104AA000DA7200221A7300225A73F9780023002266
:104AB000786802F09BFD2EE0BB6893F8122200227A
:104AC00083F8122293F81322002283F8132293F81A
:104AD0001422002283F8142293F81522002283F86E
:104AE00015227B68D3F8C8227B68AE3253F8223097
:104AF0001B69002B0FD07B68D3F8C8227B68AE32CD
:104B000053F822301B69BA68D2F80602BA6802F27A
:104B10000E21FA789847002318461037BD4680BD0D
:104B200080B584B000AF78600B46FB707B68D3F82B
:104B3000C8327A68AC339B0013445B68FB607B68C7
:104B4000D3F8C8327A68AC339B0013445B68002BFF
:104B500001D1032319E0FB781946786802F0B6FD0D
:104B60000246FB68C3F80A227B68D3F8C8227B6838
:104B7000AE3253F82230DB68FA68D2F80202FA68E3
:104B800002F20A2211469847002318461037BD4604
:104B900080BD80B584B000AF78607B68D3F8C83240
:104BA0007A68AC339B0013445B68FB60FB68002BA6
:104BB00001D1032322E07B68D3F8C8227B68AE32A0
:104BC00053F82230002B18D0FB6893F80032FF2BEB
:104BD00013D07B68D3F8C8227B68AE3253F82230FA
:104BE0009B68FA6892F80002F968FA6892F8012264
:104BF0009847FB68FF2283F80022002318461037ED
:104C0000BD4680BD80B586B000AF7860822118486F
:104C100000F05DFE78610121154800F058FE386112
:104C20008121134800F053FEF8607B69002B02D00D
:104C30007B6910229A713B69002B06D03B690022E8
:104C400042F040021A7100225A71FB68002B06D014
:104C5000FB68002242F040021A7100225A717B6800
:104C600043221A80024B18461837BD4680BD00BF4C
:104C70001C01002080B586B000AF78608221184802
:104C800000F025FE78610121154800F020FE386112
:104C90008121134800F01BFEF8607B69002B02D0D5
:104CA0007B6910229A713B69002B06D03B69002278
:104CB0001A71002242F002025A71FB68002B06D0E2
:104CC000FB6800221A71002242F002025A717B68CE
:104CD00043221A80024B18461837BD4680BD00BFDC
:104CE0001C01002080B586B000AF78608221184892
:104CF00000F0EDFD78610121154800F0E8FD386114
:104D00008121134800F0E3FDF8607B69002B02D09D
:104D10007B6910229A713B69002B06D03B69002207
:104D200042F040021A7100225A71FB68002B06D033
:104D3000FB68002242F040021A7100225A717B681F
:104D400043221A80024B18461837BD4680BD00BF6B
:104D50001C01002080B483B000AF78607B680A2219
:104D60001A80034B18460C37BD465DF8047B70472C
:104D7000D800002080B483B000AF786039603B6811
:104D8000002B01D1032308E07B68D3F8C8227B689D
:104D9000AE32396843F82210002318460C37BD465E
:104DA0005DF8047B704780B487B000AFF860B960ED
:104DB0007A60FB68D3F8C832FA68AC339B001344BE
:104DC0005B687B617B69002B01D1032308E07B6971
:104DD000BA68C3F806227B697A68C3F80E220023FA
:104DE00018461C37BD465DF8047B704780B485B01B
:104DF00000AF786039607B68D3F8C8327A68AC332A
:104E00009B0013445B68FB60FB68002B01D103230C
:104E100004E0FB683A68C3F80222002318461437FE
:104E2000BD465DF8047B704780B584B000AF786004
:104E30007B68D3F8C8327A68AC339B0013445B6854
:104E4000BB600123FB73BB68002B01D1032339E056
:104E5000BB68D3F81232002B33D1BB6893F812220F
:104E6000002242F0010283F8122293F8132200225A
:104E700083F8132293F81422002283F8142293F863
:104E80001522002283F81522104B1B7803F00F0225
:104E9000BB68D3F80E12786813469B0013449B003E
:104EA00003440833C3F80A10084B1978BB68D3F8D9
:104EB0000622BB68D3F80E32786802F097FB002315
:104EC000FB73FB7B18461037BD4680BD5F01002099
:104ED00080B584B000AF78607B68D3F8C8327A6858
:104EE000AC339B0013445B68FB607B68D3F8C8322B
:104EF0007A68AC339B0013445B68002B01D1032319
:104F000018E07B685B7B002B0AD10C4B1978FB689F
:104F1000D3F802224FF40073786802F09FFB08E098
:104F2000064B1978FB68D3F802224023786802F018
:104F300095FB002318461037BD4680BD6001002058
:104F400080B586B000AFF860B9601346FB71FB68AE
:104F5000002B01D103233AE0FB68002283F8AC2246
:104F6000002283F8AD22002283F8AE22002283F8CB
:104F7000AF22FB68002283F8B822002283F8B9220E
:104F8000002283F8BA22002283F8BB22FB680022A9
:104F900083F8C422002283F8C522002283F8C622A7
:104FA000002283F8C722BB68002B03D0FB68BA68D5
:104FB000C3F8A822FB68012283F89622FB68FA79DD
:104FC0001A70F86802F0EEF80346FB75FB7D184690
:104FD0001837BD4680BD80B584B000AF7860786872
:104FE00002F090F97B68012283F896227B68D3F85F
:104FF000AC32002B0AD07B68D3F8AC325B687A689D
:10500000D2F80120D2B21146786898477B68002216
:1050100083F8B822002283F8B922002283F8BA224A
:10502000002283F8BB227B68002283F8A82200229A
:1050300083F8A922002283F8AA22002283F8AB2257
:105040007B68002283F8C422002283F8C522002254
:1050500083F8C622002283F8C722786802F0EEF8AF
:105060000346FB73FB7B18461037BD4680BD80B5F9
:1050700084B000AF786039600023FB813B68002B6F
:1050800001D1032327E07B683A68C3F8AC227B6830
:10509000D3F8C8327A68AA339B0013445B68DB6A92
:1050A000002B10D07B68D3F8C8327A68AA339B00F3
:1050B00013445B68DB6A07F10E021046984702460C
:1050C0007B68C3F8C4227B68D3F8CC325A1C7B6857
:1050D000C3F8CC22002318461037BD4680BD80B5EA
:1050E00082B000AF7860786802F0DAF803461846BC
:1050F0000837BD4680BD80B582B000AF7860786863
:1051000002F000F97B68D3F8AC32002B0AD07B6840
:10511000D3F8AC325B687A68D2F80120D2B211467B
:1051200078689847002318460837BD4680BD80B48C
:1051300083B000AF7860002318460C37BD465DF899
:10514000047B704780B584B000AF78600B46FB707D
:105150000023FB737B68D3F8AC32002B09D07B684B
:10516000D3F8AC321B68FA78114678689847034642
:10517000FB73FB7B18461037BD4680BD80B584B0FD
:1051800000AF78600B46FB700023FB737B68D3F89D
:10519000AC325B68FA781146786898470346002B72
:1051A00001D00323FB73FB7B18461037BD4680BD3F
:1051B00080B584B000AF786039607B6803F52873F0
:1051C0003968184601F00BFA7B6893F88E220022AA
:1051D00042F0010283F88E2293F88F22002283F896
:1051E0008F2293F89022002283F8902293F8912244
:1051F000002283F891227B68B3F8A6329BB21A464C
:105200007B68C3F892227B6893F8A03203F01F03F7
:10521000022B1AD0022B22D8002B02D0012B0AD04D
:105220001DE07B6803F528731946786800F0C2FB1F
:105230000346FB7320E07B6803F528731946786802
:1052400000F02CFC0346FB7316E07B6803F5287323
:105250001946786800F093FC0346FB730CE07B680A
:1052600093F8A03223F07F03DBB21946786802F08E
:10527000EFF80346FB7300BFFB7B18461037BD46B3
:1052800080BD80B586B000AFF8600B467A60FB72D7
:105290000023FB75FB7A002B72D1FB6803F5A77323
:1052A0003B61FB68D3F88E32032B40F09E803B6954
:1052B0009A683B69DB689A4213D93B699A683B69F3
:1052C000DB68D21A3B699A603B69DA683B699B6884
:1052D000934228BF13461A467968F86801F0A7FA86
:1052E00083E0FB6893F8A03203F01F03022B15D074
:1052F000022B1FD8002B02D0012B03D01AE0002371
:10530000BB751AE0FB68B3F8A4329BB2DBB2194656
:10531000F86800F0C2FA0346BB750EE0FB68B3F80C
:10532000A4329BB2DBB21946F86800F0C3FA034618
:10533000BB7502E00023BB7500BFBB7D002B1BD1FA
:10534000FB6893F89632DBB2032B15D1BB7DFA686C
:10535000AA339B0013445B681B69002B0CD0BA7DF9
:10536000FB68C3F8C822BB7DFA68AA339B001344CC
:105370005B681B69F8689847F86801F069FA34E0DF
:10538000FB7A03F07F03DBB21946F86800F092FA6B
:105390000346BB75BB7DFF2B27D0BB7D002B24D1E3
:1053A000FB6893F89632DBB2032B19D1BB7DFA6808
:1053B000AA339B0013445B689B69002B10D0BA7D15
:1053C000FB68C3F8C822BB7DFA68AA339B0013446C
:1053D0005B689B69FA7A1146F86898470346FB7543
:1053E000FB7D002B01D0FB7D00E000231846183721
:1053F000BD4680BD80B586B000AFF8600B467A60D0
:10540000FB72FB7A002B40F08280FB680E333B611D
:10541000FB68D3F88E32022B6CD13B699A683B69EA
:10542000DB689A4214D93B699A683B69DB68D21AF7
:105430003B699A603B699B681A467968F86801F095
:10544000B5F9002300220021F86802F007F951E0C5
:105450003B69DA683B699B689A4225D13B695A6887
:105460003B69DB689A421FD33B695A68FB68D3F8F3
:1054700092329A4218D200220021F86801F096F97F
:10548000FB68002283F89222002283F893220022F4
:1054900083F89422002283F8952200230022002121
:1054A000F86802F0DBF825E0FB6893F89632DBB28F
:1054B000032B18D1FB68D3F8AC32DB68002B12D079
:1054C000FB68002283F8C822002283F8C922002248
:1054D00083F8CA22002283F8CB22FB68D3F8AC32CF
:1054E000DB68F86898478021F86801F0B1FFF86838
:1054F00001F0D4F9FB6893F89A32002B3CD0F8689D
:10550000FFF715FEFB68002283F89A2234E0FB7A4D
:1055100063F07F03DBB21946F86800F0CBF903466D
:10552000FB75FB7DFF2B27D0FB7D002B24D1FB6877
:1055300093F89632DBB2032B1ED1FB7DFA68AA33B7
:105540009B0013445B685B69002B15D0FA7DFB68F8
:10555000C3F8C822FB7DFA68AA339B0013445B683A
:105560005B69FA7A1146F86898470346BB75BB7DBC
:10557000002B01D0BB7D00E0002318461837BD4644
:1055800080BD80B584B000AF78600023FB737B687A
:10559000012283F896227B6893F88E22002283F8FA
:1055A0008E2293F88F22002283F88F2293F8902284
:1055B000002283F8902293F89122002283F891220E
:1055C0007B6800225A7000229A700022DA70002252
:1055D0001A717B68002283F89B22002283F89C22A8
:1055E000002283F89D22002283F89E227B680022FD
:1055F00083F89A227B68D3F8AC32002B15D07B68F5
:10560000D3F8AC325B68002B0FD07B68D3F8AC3298
:105610005B687A68D2F80120D2B211467868984760
:105620000346002B01D00323FB73402300220021FB
:10563000786801F099FE7B68002242F0010283F84D
:105640005E21002283F85F217B68002242F0400245
:1056500083F85A21002283F85B21002283F85C2121
:10566000002283F85D21402300228021786801F028
:105670007BFE7B68002242F001029A770022DA77F3
:105680007B68002242F040029A760022DA760022FD
:105690001A7700225A77FB7B18461037BD4680BD2B
:1056A00080B483B000AF78600B46FB707B68FA78FB
:1056B0005A73002318460C37BD465DF8047B7047CB
:1056C00080B483B000AF78607B6893F89632DBB229
:1056D000042B06D07B6893F89632DAB27B6883F8A5
:1056E00097227B68042283F89622002318460C3701
:1056F000BD465DF8047B704780B483B000AF78602E
:105700007B6893F89632DBB2042B06D17B6893F862
:105710009732DAB27B6883F89622002318460C375A
:10572000BD465DF8047B704780B582B000AF7860FD
:105730007B6893F89632DBB2032B10D17B68D3F8E9
:10574000AC32002B0BD07B68D3F8AC32DB69002B7A
:1057500005D07B68D3F8AC32DB69786898470023C2
:1057600018460837BD4680BD80B582B000AF78606E
:105770000B46FB707B68D3F8C8327A68AA339B006B
:1057800013445B68002B01D103231EE07B6893F870
:105790009632DBB2032B17D17B68D3F8C8327A6814
:1057A000AA339B0013445B681B6A002B0CD07B68F8
:1057B000D3F8C8327A68AA339B0013445B681B6A2B
:1057C000FA78114678689847002318460837BD468E
:1057D00080BD80B582B000AF78600B46FB707B68FF
:1057E000D3F8C8327A68AA339B0013445B68002B55
:1057F00001D103231EE07B6893F89632DBB2032BC2
:1058000017D17B68D3F8C8327A68AA339B00134457
:105810005B685B6A002B0CD07B68D3F8C8327A686F
:10582000AA339B0013445B685B6AFA781146786878
:105830009847002318460837BD4680BD80B483B022
:1058400000AF7860002318460C37BD465DF8047B36
:10585000704780B584B000AF78600023FB737B682D
:10586000012283F896227B68D3F8AC32002B0FD04C
:105870007B68D3F8AC325B687A68D2F80120D2B288
:105880001146786898470346002B01D00323FB7329
:10589000FB7B18461037BD4680BD80B483B000AF97
:1058A00078600B46FB70002318460C37BD465DF848
:1058B000047B704780B483B000AF78600B46FB7008
:1058C000002318460C37BD465DF8047B704780B551
:1058D00086B000AF78600B46FB707B687B617B68AD
:1058E000FB6000233B61FB685B889BB2FA6812781F
:1058F00093421FD9FB681B787B8113E007F10A03F1
:105900001946786900F01BF878617B695B78052B94
:1059100008D17B693B613B699B78FA789A4208D051
:1059200000233B61FB685B889AB27B899A42E5D889
:1059300000E000BF3B6918461837BD4680BD80B403
:1059400085B000AF786039607B68FB603B681B887E
:10595000FA68127813449AB23B681A80FB681B7885
:105960001A467B681344FB60FB6818461437BD4633
:105970005DF8047B704780B487B000AF78607B68C7
:105980007B617B691B787B827B6901337B617B69EF
:105990001B783B82B7F910301B021AB2B7F91230EC
:1059A00013431BB2FB81FB8918461C37BD465DF8CB
:1059B000047B704780B584B000AF78603960002305
:1059C000FB733B681B7803F06003402B05D0402B32
:1059D00059D8002B10D0202B55D17B68D3F8C83272
:1059E0007A68AA339B0013445B689B6839687868BF
:1059F00098470346FB734BE03B685B78092B3CD828
:105A000001A252F823F000BF5D5A0108715A010843
:105A10007B5A0108675A01087B5A01083B5A010862
:105A2000315A01087B5A0108535A0108455A0108A6
:105A30003968786800F064FA24E03968786800F022
:105A4000F7FB1FE03968786800F03AFC0346FB7307
:105A500018E03968786800F0E3FC13E0396878688A
:105A600000F01BFD0EE03968786800F055FD09E094
:105A70003968786800F087FD04E03968786800F0DC
:105A8000E8FD00BF04E03968786800F0E2FD00BF7F
:105A9000FB7B18461037BD4680BD00BF80B584B083
:105AA00000AF786039600023FB733B681B7803F01C
:105AB0006003402B05D0402B57D8002B01D0202B62
:105AC00053D17B6893F89632DBB2013B022B45D869
:105AD0003B689B889BB2DBB2012B3AD83B689B8822
:105AE0009BB2DBB219467868FFF7D7FE0346BB735B
:105AF000BB7BFF2B1FD0BB7B002B1CD1BB7B7A68F1
:105B0000AA339B0013445B689B68002B10D0BA7BC0
:105B10007B68C3F8C822BB7B7A68AA339B00134416
:105B20005B689B683968786898470346FB7304E0B4
:105B30000323FB7301E00323FB733B68DB889BB209
:105B4000002B10D1FB7B002B0DD1786800F080FE7C
:105B500009E03968786800F07CFD04E0396878680D
:105B600000F077FD00E000BF04E03968786800F0DD
:105B700070FD00BFFB7B18461037BD4680BD80B569
:105B800084B000AF786039600023FB733B689B886A
:105B90009BB2BB733B681B7803F06003402B07D0BC
:105BA000402B00F2A281002B2CD0202B40F09D81B5
:105BB000BB7B19467868FFF77DFE03467B737B7BD2
:105BC000FF2B00F097817B7B002B40F093817A7B49
:105BD0007B68C3F8C8227B7B7A68AA339B00134496
:105BE0005B689B68002B00F085817B7B7A68AA3319
:105BF0009B0013445B689B68396878689847034644
:105C0000FB7377E13B685B78032B08D0032B00F331
:105C10006681002B00F0A080012B3ED05FE17B6805
:105C200093F89632DBB2022B02D0032B16D02EE073
:105C3000BB7B002B0DD0BB7B802B0AD0BB7B1946D6
:105C4000786801F005FC8021786801F001FC00BF54
:105C500022E03968786800F0FCFC1DE03B685B8856
:105C60009BB2002B0FD1BB7B002B0CD0BB7B802BBE
:105C700009D03B68DB889BB2002B04D1BB7B194663
:105C8000786801F0E5FB786800F0E2FD04E039682F
:105C9000786800F0DEFC00BF26E17B6893F896325E
:105CA000DBB2022B02D0032B16D04EE0BB7B002BC5
:105CB0000DD0BB7B802B0AD0BB7B1946786801F0E6
:105CC000C7FB8021786801F0C3FB00BF43E039685F
:105CD000786800F0BEFC3EE03B685B889BB2002B1E
:105CE00038D1BB7B03F07F03002B04D0BB7B19466C
:105CF000786801F0E3FB786800F0AAFDBB7B1946E9
:105D00007868FFF7D7FD03467B737B7BFF2B21D0A1
:105D10007B7B002B1ED17A7B7B68C3F8C8227B7B00
:105D20007A68AA339B0013445B689B68002B11D0F0
:105D30007B7B7A68AA339B0013445B689B68396855
:105D4000786898470346FB7304E03968786800F088
:105D500080FC00E000BFC7E07B6893F89632DBB2BE
:105D6000022B02D0032B38D0B3E0BB7B002B07D033
:105D7000BB7B802B04D03968786800F06AFCADE00A
:105D800097F90E30002B0BDABB7B03F07F02134632
:105D90009B0013449B0008337A68134406330BE0DE
:105DA000BB7B03F07F0213469B0013449B0003F56B
:105DB000A4737A6813440633BB60BB6800221A7070
:105DC00000225A7000229A700022DA70BB68022208
:105DD0001946786800F0BAFC80E097F90E30002B85
:105DE00012DABB7B03F00F02796813469B00134461
:105DF0009B000B441833DB889BB2002B18D1396809
:105E0000786800F026FC69E0BB7B03F00F0279683C
:105E100013469B0013449B000B4403F5AC73DB88D3
:105E20009BB2002B04D13968786800F012FC55E071
:105E300097F90E30002B0BDABB7B03F07F02134681
:105E40009B0013449B0008337A68134406330BE02D
:105E5000BB7B03F07F0213469B0013449B0003F5BA
:105E6000A4737A6813440633BB60BB7B002B02D05B
:105E7000BB7B802B09D1BB6800221A7000225A70AC
:105E800000229A700022DA701CE0BB7B1946786809
:105E900001F04AFB0346002B0BD0BB68002242F006
:105EA00001021A7000225A7000229A700022DA70E1
:105EB00008E0BB6800221A7000225A7000229A7013
:105EC0000022DA70BB6802221946786800F03EFCB6
:105ED00004E03968786800F0BCFB00BF04E0396872
:105EE000786800F0B6FB00BF05E03968786800F01C
:105EF000B0FB00E000BFFB7B18461037BD4680BDFD
:105F000080B584B000AF7860396000233B81002306
:105F1000FB600023FB723B685B889BB21B0A9BB251
:105F2000013B0E2B00F2538101A252F823F000BF77
:105F3000A15F0108B95F0108F95F0108CF6101089D
:105F4000CF6101086F6101089B610108CF61010801
:105F5000CF610108CF610108CF610108CF6101085D
:105F6000CF610108CF6101086D5F01087B68D3F83C
:105F7000A832DB69002B0BD07B68D3F8A832DB6931
:105F80007A68527B07F1080110469847F86026E1CD
:105F90003968786800F05DFBFB7A0133FB721EE123
:105FA0007B68D3F8A8321B687A68527B07F1080136
:105FB00010469847F86012E17B685B7B002B0DD19F
:105FC0007B68D3F8AC329B6A07F108021046984709
:105FD000F860FB68013302221A7000E17B68D3F895
:105FE000AC32DB6A07F1080210469847F860FB689C
:105FF000013302221A70F2E03B685B889BB2DBB28D
:10600000052B00F2AB8001A252F823F025600108B5
:10601000596001088D600108C1600108F560010840
:10602000296101087B68D3F8A8325B68002B0BD08C
:106030007B68D3F8A8325B687A68527B07F1080165
:1060400010469847F86091E03968786800F001FBE5
:10605000FB7A0133FB7289E07B68D3F8A8329B6836
:10606000002B0BD07B68D3F8A8329B687A68527BF0
:1060700007F1080110469847F86077E039687868BA
:1060800000F0E7FAFB7A0133FB726FE07B68D3F82C
:10609000A832DB68002B0BD07B68D3F8A832DB6812
:1060A0007A68527B07F1080110469847F8605DE076
:1060B0003968786800F0CDFAFB7A0133FB7255E05D
:1060C0007B68D3F8A8321B69002B0BD07B68D3F810
:1060D000A8321B697A68527B07F10801104698477D
:1060E000F86043E03968786800F0B3FAFB7A01336E
:1060F000FB723BE07B68D3F8A8325B69002B0BD0C6
:106100007B68D3F8A8325B697A68527B07F1080193
:1061100010469847F86029E03968786800F099FAE5
:10612000FB7A0133FB7221E07B68D3F8A8329B69CC
:10613000002B0BD07B68D3F8A8329B697A68527B1E
:1061400007F1080110469847F8600FE03968786851
:1061500000F07FFAFB7A0133FB7207E03968786858
:1061600000F077FAFB7A0133FB7200BF37E07B68FF
:106170005B7B002B09D17B68D3F8AC325B6B07F1FA
:10618000080210469847F86029E03968786800F0FE
:1061900060FAFB7A0133FB7221E07B685B7B002BAA
:1061A0000DD17B68D3F8AC321B6B07F108021046A7
:1061B0009847F860FB68013307221A700FE03968CE
:1061C000786800F046FAFB7A0133FB7207E0396821
:1061D000786800F03EFAFB7A0133FB7200BFFB7A6D
:1061E000002B20D13B68DB889BB2002B17D03B896A
:1061F000002B0FD03B68DB889AB23B89934228BFC3
:1062000013469BB23B813B891A46F968786800F0D7
:106210009DFA09E03968786800F01BFA04E07868B4
:1062200000F016FB00E000BF1037BD4680BD00BF88
:1062300080B584B000AF786039603B689B889BB2C2
:10624000002B34D13B68DB889BB2002B2FD13B68FD
:106250005B889BB27F2B2AD83B685B889BB2DBB202
:1062600003F07F03FB737B6893F89632DBB2032B5A
:1062700004D13968786800F0ECF91DE07B68FA7B9E
:1062800083F89822FB7B1946786801F079F97868E1
:1062900000F0DEFAFB7B002B04D07B68022283F83F
:1062A000962209E07B68012283F8962204E039688F
:1062B000786800F0CEF900BF00BF1037BD4680BD42
:1062C00080B584B000AF786039600023FB733B6811
:1062D0005B889BB2DAB2514B1A70504B1B78012B82
:1062E00005D93968786800F0B4F9032392E07B6837
:1062F00093F89632DBB2022B02D0032B2AD07BE03C
:10630000464B1B78002B21D0444B1B781A467B68E8
:10631000C3F80120414B1B7819467868FEF712FF3D
:106320000346FB73FB7B002B08D03968786800F0CC
:1063300090F97B68022283F896226AE0786800F080
:1063400087FA7B68032283F8962262E0786800F07F
:106350007FFA5EE0314B1B78002B13D17B68022261
:1063600083F896222D4B1B781A467B68C3F80120D0
:106370002A4B1B7819467868FEF700FF786800F012
:1063800067FA46E0254B1B781A467B68D3F8013044
:106390009A422DD07B68D3F80130DBB21946786879
:1063A000FEF7ECFE1D4B1B781A467B68C3F80120F4
:1063B0001A4B1B7819467868FEF7C4FE0346FB7338
:1063C000FB7B002B10D03968786800F042F97B68BD
:1063D000D3F80130DBB219467868FEF7CFFE7B6850
:1063E000022283F8962214E0786800F031FA10E077
:1063F000786800F02DFA0CE03968786800F029F927
:10640000064B1B7819467868FEF7B8FE0323FB732A
:1064100000BFFB7B18461037BD4680BD780C0020BE
:1064200080B582B000AF786039603B68DB889BB292
:10643000012B04D03968786800F00BF929E07B68FB
:1064400093F89632DBB2022B02DC002B03DC1BE05C
:10645000032B11D018E07B6800225A7100229A7138
:106460000022DA7100221A727B6805330122194674
:10647000786800F06BF90CE07B6801330122194663
:10648000786800F063F904E03968786800F0E1F8B2
:1064900000BF00BF0837BD4680BD80B582B000AFE9
:1064A000786039607B6893F89632DBB2013B022B4F
:1064B00029D83B68DB889BB2022B04D03968786806
:1064C00000F0C7F824E07B68002242F001025A7213
:1064D00000229A720022DA7200221A737B68D3F8C3
:1064E0009B32002B07D07B68D3F8093043F00202BF
:1064F0007B68C3F809207B68093302221946786853
:1065000000F024F904E03968786800F0A2F800BFD0
:1065100000BF0837BD4680BD80B582B000AF78604F
:1065200039603B685B889BB2012B12D17B680022EB
:1065300042F0010283F89B22002283F89C22002271
:1065400083F89D22002283F89E22786800F080F96B
:1065500015E03B685B889BB2022B0CD13B689B88A3
:106560009BB21B0A9BB2DAB27B6883F89A227868E6
:1065700000F06EF903E03968786800F06AF800BF4F
:106580000837BD4680BD80B582B000AF7860396005
:106590007B6893F89632DBB2013B022B15D83B683F
:1065A0005B889BB2012B15D17B68002283F89B226C
:1065B000002283F89C22002283F89D22002283F887
:1065C0009E22786800F044F904E03968786800F0A9
:1065D00040F800E000BF00BF0837BD4680BD80B571
:1065E00084B000AF786039603B68FB60FB681A7864
:1065F0007B681A70FB680133FB60FB681A787B6864
:106600005A70FB680133FB60F868FFF7B4F9034682
:106610001A467B685A80FB680133FB60FB680133D4
:10662000FB60F868FFF7A7F903461A467B689A8073
:10663000FB680133FB60FB680133FB60F868FFF720
:106640009AF903461A467B68DA8000BF1037BD46C8
:1066500080BD80B582B000AF7860396080217868F5
:1066600000F0F6FE0021786800F0F2FE00BF083767
:10667000BD4680BD80B586B000AFF860B9607A6075
:106680000023FB75FB68002B42D0FB683B61386937
:1066900000F042F8034601335B00B3F5007F08D8F1
:1066A000386900F039F8034601339BB25B009AB2B7
:1066B00001E04FF400727B681A80FB7DBA681344D6
:1066C0007A6812781A70FB7D0133FB75FB7DBA681E
:1066D000134403221A70FB7D0133FB7513E0FB7D2D
:1066E000BA6813443A6912781A703B6901333B6106
:1066F000FB7D0133FB75FB7DBA68134400221A70E1
:10670000FB7D0133FB753B691B78002BE7D100E073
:1067100000BF1837BD4680BD80B485B000AF78603B
:106720000023FB737B68BB6005E0FB7B0133FB73DD
:10673000BB680133BB60BB681B78002BF5D1FB7BCA
:1067400018461437BD465DF8047B704780B584B0A9
:1067500000AFF860B9607A60FB6893F88E2200227F
:1067600042F0020283F88E2293F88F22002283F8EF
:106770008F2293F89022002283F8902293F891229E
:10678000002283F89122FB687A68C3F81220FB6824
:106790007A68C3F816207B68BA680021F86800F0B0
:1067A00025FF002318461037BD4680BD80B584B054
:1067B00000AFF860B9607A607B68BA680021F86859
:1067C00000F014FF002318461037BD4680BD80B589
:1067D00084B000AFF860B9607A60FB6893F88E22ED
:1067E000002242F0030283F88E2293F88F220022C7
:1067F00083F88F2293F89022002283F8902293F856
:106800009122002283F89122FB687A68C3F8522112
:10681000FB687A68C3F856217B68BA680021F8687B
:1068200000F01CFF002318461037BD4680BD80B520
:1068300084B000AFF860B9607A607B68BA68002104
:10684000F86800F00BFF002318461037BD4680BDE6
:1068500080B582B000AF78607B6893F88E2200220A
:1068600042F0040283F88E2293F88F22002283F8EC
:106870008F2293F89022002283F8902293F891229D
:10688000002283F89122002300220021786800F082
:10689000ADFE002318460837BD4680BD80B582B0E6
:1068A00000AF78607B6893F88E22002242F00502E8
:1068B00083F88E2293F88F22002283F88F2293F898
:1068C0009022002283F8902293F89122002283F8EC
:1068D0009122002300220021786800F0BFFE0023EF
:1068E00018460837BD4680BD80B500AF002212496A
:1068F0001248FEF725FB0346002B01D0EDF7C4FF3D
:106900000F490E48FEF7B3FB0346002B01D0EDF70D
:10691000BBFF0C490948FEF72DFA0346002B01D0B6
:10692000EDF7B2FF0548FEF7DAFB0346002B01D076
:10693000EDF7AAFF00BF80BD780100207C0C00208D
:10694000E40000206401002080B500AF002205496A
:106950000548FEF728FA05490348FEF747FA0023E1
:10696000184680BD501F00207C0C002050170020CE
:1069700080B400AF00231846BD465DF8047B704725
:1069800080B483B000AF03463960FB711346BB800F
:10699000FB79232B4AD801A252F823F02D6A010873
:1069A0002D6A01082D6A01082D6A01082D6A010867
:1069B0002D6A01082D6A01082D6A01082D6A010857
:1069C0002D6A01082D6A01082D6A01082D6A010847
:1069D0002D6A01082D6A01082D6A01082D6A010837
:1069E0002D6A01082D6A01082D6A01082D6A010827
:1069F0002D6A01082D6A01082D6A01082D6A010817
:106A00002D6A01082D6A01082D6A01082D6A010806
:106A10002D6A01082D6A01082D6A01082D6A0108F6
:106A20002D6A01082D6A01082D6A010800BF0023A4
:106A300018460C37BD465DF8047B704780B584B0BE
:106A400000AF786039600023FB6073E0424B1B7835
:106A5000002B1CD17A68FB6813441B78242B55D17A
:106A60003D4B01221A703D4B00221A803C4B002204
:106A70001A807A68FB681A44384B1B88591C88B204
:106A80003649088019461278364B5A543EE07A68E7
:106A9000FB681A44314B1B88591C88B22F49088067
:106AA000194612782F4B5A542C4B1B88032B04D1B8
:106AB0002C4B9B781A462A4B1A80284B1A88284B55
:106AC0001B889A4222D3254B1B88012B1ED9234BAE
:106AD0001B88023B234AD35C1BB21B021AB21F4B1A
:106AE0001B88013B1F49CB5C1BB213431BB27B814C
:106AF0007B8943F62332934208D11B4B01221A7043
:106B0000164B00221A80144B00221A70134B1B885C
:106B1000B3F5006F0BD34FF400620021114800F071
:106B200065FE0E4B00221A800B4B00221A70FB6888
:106B30000133FB603B681B68FA689A4286D3796828
:106B40000A48FEF753F90948FEF7C2F90023184630
:106B50001037BD4680BD00BF5027002052270020BF
:106B6000542700204C0F00204C1700207C0C0020E4
:106B700080B584B000AF78600B467B800023FB7348
:106B80000D4BD3F8B032BB60BB68D3F81232002B88
:106B900001D001230BE07B881A4679680648FEF78E
:106BA00002F90548FEF740F90346FB73FB7B1846E4
:106BB0001037BD4680BD00BF7C0C002080B487B07C
:106BC00000AFF860B9601346FB710023FB7597F9BD
:106BD000173018461C37BD465DF8047B704700002F
:106BE00080B483B000AF03463960FB713B6812226A
:106BF0001A80034B18460C37BD465DF8047B70477E
:106C00009801002080B483B000AF03463960FB7167
:106C10003B6804221A80034B18460C37BD465DF8CA
:106C2000047B7047B801002080B582B000AF0346F6
:106C30003960FB71FB79002B05D13A680749084898
:106C4000FFF718FD04E03A6804490548FFF712FD14
:106C5000024B18460837BD4680BD00BF58270020AC
:106C6000EC7B010880B582B000AF03463960FB7150
:106C70003A6804490448FFF7FDFC024B1846083700
:106C8000BD4680BD58270020047C010880B582B035
:106C900000AF03463960FB713B681A221A8000F08E
:106CA00055F8024B18460837BD4680BDBC01002090
:106CB00080B582B000AF03463960FB71FB79002BD1
:106CC00005D13A6807490848FFF7D4FC04E03A6860
:106CD00004490548FFF7CEFC024B18460837BD466D
:106CE00080BD00BF58270020187C010880B582B005
:106CF00000AF03463960FB71FB79002B05D13A6880
:106D000007490848FFF7B6FC04E03A68044905481B
:106D1000FFF7B0FC024B18460837BD4680BD00BFE8
:106D200058270020247C010880B483B000AF0346BC
:106D30003960FB713B680C221A80034B18460C37F4
:106D4000BD465DF8047B7047AC01002080B584B07F
:106D500000AF0F4B1B68FB600E4B1B68BB600E4BFC
:106D60001B687B60FA687B681344FB60FB68002B40
:106D700009D008220949F86800F014F804220849EB
:106D8000B86800F00FF800BF1037BD4680BD00BFE7
:106D90009075FF1F9475FF1F9875FF1FBE0100209F
:106DA000CE01002080B487B000AFF860B960134610
:106DB000FB710023FB750023FB7527E0FB681B0FAD
:106DC000092B0BD8FB681B0FDAB2FB7D5B00194661
:106DD000BB680B443032D2B21A700AE0FB681B0F5A
:106DE000DAB2FB7D5B001946BB680B443732D2B286
:106DF0001A70FB681B01FB60FB7D5B000133BA6806
:106E0000134400221A70FB7D0133FB75FA7DFB7978
:106E10009A42D3D300BF00BF1C37BD465DF8047B48
:106E20007047000080B5AEB000AF786007F1A403F2
:106E300000221A605A609A60DA601A6107F118033A
:106E40008C220021184600F0D1FC7B681B68B3F14E
:106E5000A04F63D14FF40053BB610023C7F88830C3
:106E600007F118031846F5F79DF80346002B01D0EB
:106E7000EDF70AFD2B4BDB6C2A4A43F00103D36488
:106E8000284BDB6C03F001037B617B694FF4C0533B
:106E9000C7F8A4300223C7F8A8300023C7F8AC30E5
:106EA0000323C7F8B0300A23C7F8B43007F1A403AE
:106EB00019464FF09040F2F78FF81A4BDB6C194AE5
:106EC00043F48053D364174BDB6C03F480533B6172
:106ED0003B69144B9B6D03F08053002B14D1114B75
:106EE0009B6D104A43F0805393650E4B9B6D03F0EE
:106EF0008053FB60FB68F3F76FFF0A4B9B6D094AF9
:106F000023F08053936501E0F3F766FF0022002130
:106F10004320F1F7E3FB4320F1F70CFC00BFB83747
:106F2000BD4680BD0010024080B584B000AF7860DF
:106F30007B681B68B3F1A04F2BD1184BDB6C174A51
:106F400023F48053D3644FF4C0514FF09040F2F7D4
:106F5000C1FA124B9B6D03F08053002B14D10F4BE1
:106F60009B6D0E4A43F0805393650C4B9B6D03F071
:106F70008053FB60FB68F3F73FFF084B9B6D074AAC
:106F800023F08053936501E0F3F736FF4320F1F7D8
:106F9000E9FB00BF1037BD4680BD00BF00100240B6
:106FA00080B582B000AF78607B68D3F8E0247B685E
:106FB00003F29C4319461046FEF7FAF800BF083763
:106FC000BD4680BD80B582B000AF78600B46FB70D7
:106FD0007B68D3F8E004FA7879681346DB00134441
:106FE0009B000B4403F518731A68FB781946FEF7EB
:106FF00048F900BF0837BD4680BD80B582B000AFFC
:1070000078600B46FB707B68D3F8E004FA78796807
:107010001346DB0013449B000B4420331A68FB78B3
:107020001946FEF7E7F900BF0837BD4680BD80B5B9
:1070300082B000AF78607B68D3F8E0341846FEF782
:1070400073FB00BF0837BD4680BD80B584B000AF7C
:1070500078600123FB737B68DB79022B01D0EDF7AD
:1070600013FC7B68D3F8E034FA7B11461846FEF730
:1070700017FB7B68D3F8E0341846FEF782FA00BFAE
:107080001037BD4680BD000080B582B000AF78608B
:107090007B681B6803F560631B687A68126802F5F9
:1070A000606243F0010313607B68D3F8E034184654
:1070B000FEF706FB7B68DB7A002B05D0044B1B69CF
:1070C000034A43F00603136100BF0837BD4680BD85
:1070D00000ED00E080B582B000AF78607B681B688F
:1070E00003F560631B687A68126802F5606223F03A
:1070F000010313607B68DB7A002B07D0084B1B6908
:10710000074A23F00603136100F05AFB7B68D3F8AB
:10711000E0341846FEF7F0FA00BF0837BD4680BDE0
:1071200000ED00E080B582B000AF78600B46FB70E8
:107130007B68D3F8E034FA7811461846FEF749FB2D
:1071400000BF0837BD4680BD80B582B000AF786013
:107150000B46FB707B68D3F8E034FA78114618468A
:10716000FEF702FB00BF0837BD4680BD80B582B088
:1071700000AF78607B68D3F8E0341846FEF75EFB1A
:1071800000BF0837BD4680BD80B582B000AF7860D3
:107190007B68D3F8E0341846FEF75BFB00BF083786
:1071A000BD4680BD80B582B000AF78607B681B783B
:1071B000002B3CD1204A7B68C2F8E0347B681E4A31
:1071C000C3F8BC221C4B4FF0A0421A601A4B062297
:1071D0001A71194B0222DA71174B02225A72164B9E
:1071E00000229A72144B0022DA72134B00221A7397
:1071F000114B00225A73104B0022DA730E4B0022FF
:107200009A730D48F2F77EFB0346002B01D0EDF791
:107210003BFB80210848F3F73AFD40220021064855
:10722000F3F7EEFC802201210348F3F7E9FC002389
:1072300018460837BD4680BD5829002080B584B067
:1072400000AF78600023BB730023FB737B68D3F827
:10725000BC321846F2F770FC0346BB73BB7B032BB2
:1072600016D801A252F823F0797201087F72010842
:10727000857201088B7201080023FB730BE0032366
:10728000FB7308E00123FB7305E00323FB7302E0BB
:107290000323FB7300BFFB7B18461037BD4680BD40
:1072A00080B584B000AF78600023BB730023FB730C
:1072B0007B68D3F8BC321846F2F761FC0346BB7317
:1072C000BB7B032B16D801A252F823F0DD72010814
:1072D000E3720108E9720108EF7201080023FB73F1
:1072E0000BE00323FB7308E00123FB7305E003239A
:1072F000FB7302E00323FB7300BFFB7B18461037D0
:10730000BD4680BD80B584B000AF78600023BB73FC
:107310000023FB737B68D3F8BC321846F2F75EFC9F
:107320000346BB73BB7B032B16D801A252F823F094
:1073300041730108477301084D7301085373010835
:107340000023FB730BE00323FB7308E00123FB73B3
:1073500005E00323FB7302E00323FB7300BFFB7B09
:1073600018461037BD4680BD80B584B000AF786048
:10737000084611461A460346FB700B46BB7013467F
:107380003B800023BB730023FB737B68D3F8BC02F4
:10739000BB783A88F978F3F710F90346BB73BB7BE7
:1073A000032B17D801A252F823F000BFBD730108C8
:1073B000C3730108C9730108CF7301080023FB736D
:1073C0000BE00323FB7308E00123FB7305E00323B9
:1073D000FB7302E00323FB7300BFFB7B18461037EF
:1073E000BD4680BD80B584B000AF78600B46FB70B1
:1073F0000023BB730023FB737B68D3F8BC32FA789D
:1074000011461846F3F743F90346BB73BB7B032BC6
:1074100016D801A252F823F0297401082F7401082C
:10742000357401083B7401080023FB730BE0032350
:10743000FB7308E00123FB7305E00323FB7302E009
:107440000323FB7300BFFB7B18461037BD4680BD8E
:1074500080B584B000AF78600B46FB700023BB732F
:107460000023FB737B68D3F8BC32FA7811461846C8
:10747000F3F7D2F90346BB73BB7B032B16D801A2EB
:1074800052F823F0957401089B740108A174010857
:10749000A77401080023FB730BE00323FB7308E0D0
:1074A0000123FB7305E00323FB7302E00323FB735B
:1074B00000BFFB7B18461037BD4680BD80B584B049
:1074C00000AF78600B46FB700023BB730023FB7397
:1074D0007B68D3F8BC32FA7811461846F3F7FEF908
:1074E0000346BB73BB7B032B16D801A252F823F0D3
:1074F00001750108077501080D750108137501086C
:107500000023FB730BE00323FB7308E00123FB73F1
:1075100005E00323FB7302E00323FB7300BFFB7B47
:1075200018461037BD4680BD80B485B000AF786086
:107530000B46FB707B68D3F8BC32FB6097F90330D5
:10754000002B0BDAFB7803F07F02F9681346DB00AF
:1075500013449B000B4416331B780BE0FB7803F0BD
:107560007F02F9681346DB0013449B000B4403F2CF
:1075700056231B7818461437BD465DF8047B7047C8
:1075800080B584B000AF78600B46FB700023BB73FE
:107590000023FB737B68D3F8BC32FA781146184697
:1075A000F2F7E7FF0346BB73BB7B032B16D801A2A0
:1075B00052F823F0C5750108CB750108D175010893
:1075C000D77501080023FB730BE00323FB7308E06E
:1075D0000123FB7305E00323FB7302E00323FB732A
:1075E00000BFFB7B18461037BD4680BD80B586B016
:1075F00000AFF8607A603B600B46FB720023BB75FE
:107600000023FB75FB68D3F8BC02F97A3B687A6803
:10761000F3F7D1F80346BB75BB7D032B16D801A247
:1076200052F823F0357601083B76010841760108CF
:10763000477601080023FB750BE00323FB7508E088
:107640000123FB7505E00323FB7502E00323FB75B3
:1076500000BFFB7D18461837BD4680BD80B586B09B
:1076600000AFF8607A603B600B46FB720023BB758D
:107670000023FB75FB68D3F8BC02F97A3B687A6893
:10768000F3F74FF80346BB75BB7D032B16D801A259
:1076900052F823F0A5760108AB760108B17601080F
:1076A000B77601080023FB750BE00323FB7508E0A8
:1076B0000123FB7505E00323FB7502E00323FB7543
:1076C00000BFFB7D18461837BD4680BD80B582B02F
:1076D00000AF78600B46FB707B68D3F8BC32FA7859
:1076E00011461846F3F74FF8034618460837BD46CB
:1076F00080BD000080B582B000AF78600B46FB70A3
:10770000FB78002B02D0012B1FD03BE07B68DB7A9B
:10771000002B07D000F054F81C4B1B691B4A23F0C8
:10772000060313617B681B6803F560631B687A6856
:10773000126802F5606223F0010313607B68D3F8DE
:10774000E0341846FDF7D8FF1CE07B681B6803F5A2
:1077500060631B687A68126802F5606243F0010397
:1077600013607B68D3F8E0341846FDF7A9FF7B6807
:10777000DB7A002B05D0054B1B69044A43F0060356
:10778000136100BF00BF0837BD4680BD00ED00E0BB
:1077900080B483B000AF7860034B18460C37BD4609
:1077A0005DF8047B704700BF3C2E002080B483B09E
:1077B00000AF786000BF0C37BD465DF8047B7047B2
:1077C00080B500AFECF7F8FD00BF80BD10B5013902
:1077D0000244904201D1002005E0037811F8014FE6
:1077E000A34201D0181B10BD0130F2E7024403464A
:1077F000934200D1704703F8011BF9E770B50D4DB6
:107800000D4C641BA4100026A64209D10B4D0C4C54
:1078100000F026F8641BA4100026A64205D170BD16
:1078200055F8043B98470136EEE755F8043B984776
:107830000136F2E7847C0108847C0108847C01081D
:10784000887C01080A44914200F1FF3300D170475F
:1078500010B511F8014B03F8014F9142F9D110BD59
:10786000F8B500BFF8BC08BC9E467047F8B500BF2D
:08787000F8BC08BC9E467047FD
:107878002E2E2F447269766572732F53544D33320E
:107888004C3478785F48414C5F4472697665722F52
:107898005372632F73746D33326C3478785F686118
:1078A8006C5F6164632E63002E2E2F4472697665C7
:1078B80072732F53544D33324C3478785F48414CAF
:1078C8005F4472697665722F5372632F73746D33D8
:1078D800326C3478785F68616C5F6164635F657887
:1078E8002E6300002E2E2F447269766572732F5313
:1078F800544D33324C3478785F48414C5F44726958
:107908007665722F5372632F73746D33326C3478CB
:10791800785F68616C5F636F727465782E630000CE
:107928002E2E2F447269766572732F53544D33325D
:107938004C3478785F48414C5F4472697665722FA1
:107948005372632F73746D33326C3478785F686167
:107958006C5F666C6173682E630000002E2E2F44E6
:107968007269766572732F53544D33324C3478787C
:107978005F48414C5F4472697665722F5372632F7A
:1079880073746D33326C3478785F68616C5F666CE1
:107998006173685F65782E63000000002E2E2F4407
:1079A8007269766572732F53544D33324C3478783C
:1079B8005F48414C5F4472697665722F5372632F3A
:1079C80073746D33326C3478785F68616C5F67709C
:1079D800696F2E63000000002E2E2F4472697665B1
:1079E80072732F53544D33324C3478785F48414C7E
:1079F8005F4472697665722F5372632F73746D33A7
:107A0800326C3478785F68616C5F697764672E637D
:107A1800000000002E2E2F447269766572732F5372
:107A2800544D33324C3478785F48414C5F44726926
:107A38007665722F5372632F73746D33326C34789A
:107A4800785F68616C5F7063642E63002E2E2F442C
:107A58007269766572732F53544D33324C3478788B
:107A68005F48414C5F4472697665722F5372632F89
:107A780073746D33326C3478785F68616C5F7077DB
:107A8800725F65782E6300002E2E2F44726976652A
:107A980072732F53544D33324C3478785F48414CCD
:107AA8005F4472697665722F5372632F73746D33F6
:107AB800326C3478785F68616C5F7263632E630040
:107AC8002E2E2F447269766572732F53544D3332BC
:107AD8004C3478785F48414C5F4472697665722F00
:107AE8005372632F73746D33326C3478785F6861C6
:107AF8006C5F7263635F65782E6300002E2E2F44DF
:107B08007269766572732F53544D33324C347878DA
:107B18005F48414C5F4472697665722F5372632FD8
:107B280073746D33326C3478785F68616C5F73702E
:107B3800692E63002E2E2F447269766572732F5357
:107B4800544D33324C3478785F48414C5F44726905
:107B58007665722F5372632F73746D33326C347879
:107B6800785F68616C5F74696D2E63002E2E2F44F8
:107B78007269766572732F53544D33324C3478786A
:107B88005F48414C5F4472697665722F5372632F68
:107B980073746D33326C3478785F68616C5F7469C4
:107BA8006D5F65782E6300002E2E2F44726976650E
:107BB80072732F53544D33324C3478785F48414CAC
:107BC8005F4472697665722F5372632F73746D33D5
:107BD800326C3478785F68616C5F756172742E639B
:107BE8000000000053544D33322056697274756199
:107BF8006C20436F6D506F727400000053544D69D0
:107C080063726F656C656374726F6E69637300008D
:107C180043444320436F6E66696700004344432032
:107C2800496E7465726661636500000000000000BB
:107C38000000000001020304060708090000000014
:107C480001020304A0860100400D0300801A06000B
:107C580000350C0040420F0080841E0000093D00E2
:107C680000127A000024F40000366E010048E80192
:047C7800006CDC02BE
:087C7C00208DFE7F01000000D5
:047C8400D50100081E
:047C8800B10100083E
:107C8C0000000000000021000000000000000000C7
:107C9C0000000500050005000500000000000000C4
:107CAC000E000000000000000000010101011101A4
:107CBC0000040100010003000000000000000000AF
:107CCC00000000020002000200020100010000009E
:107CDC000000000000000000000000000000000098
:107CEC0000000000F03F000000000000F03F00002A
:107CFC0000000000F03F000000000000F03F00001A
:107D0C000000010001000000FFFF07004654554130
:107D1C0050503030090000000000020800093D00FE
:107D2C000102030405000000060708090A00000010
:107D3C001000000001000000000000000000000026
:107D4C000000000000000000010000000000000026
:107D5C0000000000000000000A06000200000040C5
:107D6C000100000071440108FD460108314801087A
:107D7C0000000000934B0108F1490108214B010858
:107D8C00000000000000000000000000754C01081D
:107D9C00054C0108E54C0108554D0108090243004A
:107DAC00020100C032090400000102020100052496
:107DBC000010010524010001042402020524060020
:107DCC00010705820308001009040100020A0000E3
:107DDC0000070501024000000705810240000081F8
:107DEC000182000049690108716901088169010873
:107DFC003D6A0108BD6B0108E16B0108056C0108C7
:107E0C00656C0108296C01088D6C0108B16C0108C6
:107E1C00ED6C0108296D01081201010202020040FB
:107E2C00830440570002010203010000050F0C00FF
:107E3C000107100202000000040309041A030000E9
:107E4C000000000000000000000000000000000026
:087E5C0000000000000000001E
:0400000508005B553F
:00000001FF
